inventory_id,date_of_entry,item_name,stock_in,stock_used,remaining_stock,unit_cost,supplier_name
1,2025-01-01,Coffee,69,35,34,20,Default Supplier
2,2025-01-01,Tea,74,68,6,15,Default Supplier
3,2025-01-01,Sandwich,137,117,20,40,Default Supplier
4,2025-01-01,Burger,112,27,85,60,Default Supplier
5,2025-01-01,Juice,127,109,18,30,Default Supplier
6,2025-01-02,Coffee,97,93,4,20,Default Supplier
7,2025-01-02,Tea,145,81,64,15,Default Supplier
8,2025-01-02,Sandwich,120,54,66,40,Default Supplier
9,2025-01-02,Burger,100,37,63,60,Default Supplier
10,2025-01-02,Juice,63,44,19,30,Default Supplier
11,2025-01-03,Coffee,100,69,31,20,Default Supplier
12,2025-01-03,Tea,91,80,11,15,Default Supplier
13,2025-01-03,Sandwich,77,41,36,40,Default Supplier
14,2025-01-03,Burger,86,30,56,60,Default Supplier
15,2025-01-03,Juice,112,98,14,30,Default Supplier
16,2025-01-04,Coffee,95,72,23,20,Default Supplier
17,2025-01-04,Tea,116,104,12,15,Default Supplier
18,2025-01-04,Sandwich,115,103,12,40,Default Supplier
19,2025-01-04,Burger,148,132,16,60,Default Supplier
20,2025-01-04,Juice,145,89,56,30,Default Supplier
21,2025-01-05,Coffee,79,29,50,20,Default Supplier
22,2025-01-05,Tea,148,72,76,15,Default Supplier
23,2025-01-05,Sandwich,111,92,19,40,Default Supplier
24,2025-01-05,Burger,83,42,41,60,Default Supplier
25,2025-01-05,Juice,81,70,11,30,Default Supplier
26,2025-01-06,Coffee,148,87,61,20,Default Supplier
27,2025-01-06,Tea,135,75,60,15,Default Supplier
28,2025-01-06,Sandwich,56,46,10,40,Default Supplier
29,2025-01-06,Burger,97,20,77,60,Default Supplier
30,2025-01-06,Juice,133,100,33,30,Default Supplier
31,2025-01-07,Coffee,135,57,78,20,Default Supplier
32,2025-01-07,Tea,136,27,109,15,Default Supplier
33,2025-01-07,Sandwich,67,23,44,40,Default Supplier
34,2025-01-07,Burger,128,121,7,60,Default Supplier
35,2025-01-07,Juice,59,42,17,30,Default Supplier
36,2025-01-08,Coffee,80,31,49,20,Default Supplier
37,2025-01-08,Tea,87,58,29,15,Default Supplier
38,2025-01-08,Sandwich,66,21,45,40,Default Supplier
39,2025-01-08,Burger,148,145,3,60,Default Supplier
40,2025-01-08,Juice,80,23,57,30,Default Supplier
41,2025-01-09,Coffee,81,28,53,20,Default Supplier
42,2025-01-09,Tea,56,32,24,15,Default Supplier
43,2025-01-09,Sandwich,80,64,16,40,Default Supplier
44,2025-01-09,Burger,93,85,8,60,Default Supplier
45,2025-01-09,Juice,115,75,40,30,Default Supplier
46,2025-01-10,Coffee,84,35,49,20,Default Supplier
47,2025-01-10,Tea,99,85,14,15,Default Supplier
48,2025-01-10,Sandwich,90,49,41,40,Default Supplier
49,2025-01-10,Burger,56,44,12,60,Default Supplier
50,2025-01-10,Juice,128,23,105,30,Default Supplier
51,2025-01-11,Coffee,145,28,117,20,Default Supplier
52,2025-01-11,Tea,85,35,50,15,Default Supplier
53,2025-01-11,Sandwich,126,28,98,40,Default Supplier
54,2025-01-11,Burger,50,20,30,60,Default Supplier
55,2025-01-11,Juice,116,45,71,30,Default Supplier
56,2025-01-12,Coffee,109,76,33,20,Default Supplier
57,2025-01-12,Tea,66,44,22,15,Default Supplier
58,2025-01-12,Sandwich,130,101,29,40,Default Supplier
59,2025-01-12,Burger,72,50,22,60,Default Supplier
60,2025-01-12,Juice,95,39,56,30,Default Supplier
61,2025-01-13,Coffee,116,64,52,20,Default Supplier
62,2025-01-13,Tea,120,59,61,15,Default Supplier
63,2025-01-13,Sandwich,60,20,40,40,Default Supplier
64,2025-01-13,Burger,89,29,60,60,Default Supplier
65,2025-01-13,Juice,94,29,65,30,Default Supplier
66,2025-01-14,Coffee,148,109,39,20,Default Supplier
67,2025-01-14,Tea,59,25,34,15,Default Supplier
68,2025-01-14,Sandwich,114,93,21,40,Default Supplier
69,2025-01-14,Burger,117,85,32,60,Default Supplier
70,2025-01-14,Juice,125,102,23,30,Default Supplier
71,2025-01-15,Coffee,69,67,2,20,Default Supplier
72,2025-01-15,Tea,89,70,19,15,Default Supplier
73,2025-01-15,Sandwich,92,21,71,40,Default Supplier
74,2025-01-15,Burger,75,29,46,60,Default Supplier
75,2025-01-15,Juice,134,99,35,30,Default Supplier
76,2025-01-16,Coffee,146,97,49,20,Default Supplier
77,2025-01-16,Tea,126,104,22,15,Default Supplier
78,2025-01-16,Sandwich,64,60,4,40,Default Supplier
79,2025-01-16,Burger,149,37,112,60,Default Supplier
80,2025-01-16,Juice,89,53,36,30,Default Supplier
81,2025-01-17,Coffee,86,48,38,20,Default Supplier
82,2025-01-17,Tea,107,97,10,15,Default Supplier
83,2025-01-17,Sandwich,76,42,34,40,Default Supplier
84,2025-01-17,Burger,134,70,64,60,Default Supplier
85,2025-01-17,Juice,107,41,66,30,Default Supplier
86,2025-01-18,Coffee,123,73,50,20,Default Supplier
87,2025-01-18,Tea,101,90,11,15,Default Supplier
88,2025-01-18,Sandwich,77,46,31,40,Default Supplier
89,2025-01-18,Burger,71,39,32,60,Default Supplier
90,2025-01-18,Juice,94,30,64,30,Default Supplier
91,2025-01-19,Coffee,142,77,65,20,Default Supplier
92,2025-01-19,Tea,68,33,35,15,Default Supplier
93,2025-01-19,Sandwich,147,57,90,40,Default Supplier
94,2025-01-19,Burger,82,54,28,60,Default Supplier
95,2025-01-19,Juice,113,85,28,30,Default Supplier
96,2025-01-20,Coffee,85,40,45,20,Default Supplier
97,2025-01-20,Tea,56,21,35,15,Default Supplier
98,2025-01-20,Sandwich,105,43,62,40,Default Supplier
99,2025-01-20,Burger,124,69,55,60,Default Supplier
100,2025-01-20,Juice,62,58,4,30,Default Supplier
101,2025-01-21,Coffee,142,60,82,20,Default Supplier
102,2025-01-21,Tea,55,54,1,15,Default Supplier
103,2025-01-21,Sandwich,130,68,62,40,Default Supplier
104,2025-01-21,Burger,104,23,81,60,Default Supplier
105,2025-01-21,Juice,82,69,13,30,Default Supplier
106,2025-01-22,Coffee,66,47,19,20,Default Supplier
107,2025-01-22,Tea,109,23,86,15,Default Supplier
108,2025-01-22,Sandwich,114,104,10,40,Default Supplier
109,2025-01-22,Burger,145,97,48,60,Default Supplier
110,2025-01-22,Juice,88,75,13,30,Default Supplier
111,2025-01-23,Coffee,67,39,28,20,Default Supplier
112,2025-01-23,Tea,63,58,5,15,Default Supplier
113,2025-01-23,Sandwich,138,79,59,40,Default Supplier
114,2025-01-23,Burger,143,56,87,60,Default Supplier
115,2025-01-23,Juice,56,34,22,30,Default Supplier
116,2025-01-24,Coffee,120,112,8,20,Default Supplier
117,2025-01-24,Tea,137,107,30,15,Default Supplier
118,2025-01-24,Sandwich,116,28,88,40,Default Supplier
119,2025-01-24,Burger,90,32,58,60,Default Supplier
120,2025-01-24,Juice,61,51,10,30,Default Supplier
121,2025-01-25,Coffee,149,145,4,20,Default Supplier
122,2025-01-25,Tea,137,36,101,15,Default Supplier
123,2025-01-25,Sandwich,129,53,76,40,Default Supplier
124,2025-01-25,Burger,58,22,36,60,Default Supplier
125,2025-01-25,Juice,85,38,47,30,Default Supplier
126,2025-01-26,Coffee,75,24,51,20,Default Supplier
127,2025-01-26,Tea,91,25,66,15,Default Supplier
128,2025-01-26,Sandwich,64,39,25,40,Default Supplier
129,2025-01-26,Burger,102,34,68,60,Default Supplier
130,2025-01-26,Juice,107,78,29,30,Default Supplier
131,2025-01-27,Coffee,148,114,34,20,Default Supplier
132,2025-01-27,Tea,110,71,39,15,Default Supplier
133,2025-01-27,Sandwich,50,20,30,40,Default Supplier
134,2025-01-27,Burger,73,33,40,60,Default Supplier
135,2025-01-27,Juice,74,68,6,30,Default Supplier
136,2025-01-28,Coffee,117,46,71,20,Default Supplier
137,2025-01-28,Tea,81,56,25,15,Default Supplier
138,2025-01-28,Sandwich,132,49,83,40,Default Supplier
139,2025-01-28,Burger,130,75,55,60,Default Supplier
140,2025-01-28,Juice,88,44,44,30,Default Supplier
141,2025-01-29,Coffee,93,32,61,20,Default Supplier
142,2025-01-29,Tea,98,50,48,15,Default Supplier
143,2025-01-29,Sandwich,122,97,25,40,Default Supplier
144,2025-01-29,Burger,96,76,20,60,Default Supplier
145,2025-01-29,Juice,61,20,41,30,Default Supplier
146,2025-01-30,Coffee,149,52,97,20,Default Supplier
147,2025-01-30,Tea,94,38,56,15,Default Supplier
148,2025-01-30,Sandwich,114,94,20,40,Default Supplier
149,2025-01-30,Burger,101,60,41,60,Default Supplier
150,2025-01-30,Juice,74,42,32,30,Default Supplier
151,2025-01-31,Coffee,63,34,29,20,Default Supplier
152,2025-01-31,Tea,97,25,72,15,Default Supplier
153,2025-01-31,Sandwich,81,65,16,40,Default Supplier
154,2025-01-31,Burger,130,92,38,60,Default Supplier
155,2025-01-31,Juice,95,48,47,30,Default Supplier
156,2025-02-01,Coffee,109,36,73,20,Default Supplier
157,2025-02-01,Tea,63,38,25,15,Default Supplier
158,2025-02-01,Sandwich,105,32,73,40,Default Supplier
159,2025-02-01,Burger,102,95,7,60,Default Supplier
160,2025-02-01,Juice,101,31,70,30,Default Supplier
161,2025-02-02,Coffee,67,44,23,20,Default Supplier
162,2025-02-02,Tea,94,78,16,15,Default Supplier
163,2025-02-02,Sandwich,80,67,13,40,Default Supplier
164,2025-02-02,Burger,74,41,33,60,Default Supplier
165,2025-02-02,Juice,145,112,33,30,Default Supplier
166,2025-02-03,Coffee,103,23,80,20,Default Supplier
167,2025-02-03,Tea,68,55,13,15,Default Supplier
168,2025-02-03,Sandwich,118,52,66,40,Default Supplier
169,2025-02-03,Burger,140,72,68,60,Default Supplier
170,2025-02-03,Juice,114,73,41,30,Default Supplier
171,2025-02-04,Coffee,133,98,35,20,Default Supplier
172,2025-02-04,Tea,72,55,17,15,Default Supplier
173,2025-02-04,Sandwich,69,48,21,40,Default Supplier
174,2025-02-04,Burger,55,35,20,60,Default Supplier
175,2025-02-04,Juice,138,20,118,30,Default Supplier
176,2025-02-05,Coffee,113,92,21,20,Default Supplier
177,2025-02-05,Tea,79,65,14,15,Default Supplier
178,2025-02-05,Sandwich,117,71,46,40,Default Supplier
179,2025-02-05,Burger,75,65,10,60,Default Supplier
180,2025-02-05,Juice,76,34,42,30,Default Supplier
181,2025-02-06,Coffee,105,87,18,20,Default Supplier
182,2025-02-06,Tea,69,60,9,15,Default Supplier
183,2025-02-06,Sandwich,59,29,30,40,Default Supplier
184,2025-02-06,Burger,99,77,22,60,Default Supplier
185,2025-02-06,Juice,105,70,35,30,Default Supplier
186,2025-02-07,Coffee,128,48,80,20,Default Supplier
187,2025-02-07,Tea,96,47,49,15,Default Supplier
188,2025-02-07,Sandwich,52,27,25,40,Default Supplier
189,2025-02-07,Burger,55,27,28,60,Default Supplier
190,2025-02-07,Juice,138,56,82,30,Default Supplier
191,2025-02-08,Coffee,133,80,53,20,Default Supplier
192,2025-02-08,Tea,83,23,60,15,Default Supplier
193,2025-02-08,Sandwich,52,36,16,40,Default Supplier
194,2025-02-08,Burger,103,57,46,60,Default Supplier
195,2025-02-08,Juice,71,60,11,30,Default Supplier
196,2025-02-09,Coffee,65,64,1,20,Default Supplier
197,2025-02-09,Tea,112,64,48,15,Default Supplier
198,2025-02-09,Sandwich,98,74,24,40,Default Supplier
199,2025-02-09,Burger,65,64,1,60,Default Supplier
200,2025-02-09,Juice,133,117,16,30,Default Supplier
201,2025-02-10,Coffee,82,42,40,20,Default Supplier
202,2025-02-10,Tea,80,51,29,15,Default Supplier
203,2025-02-10,Sandwich,137,133,4,40,Default Supplier
204,2025-02-10,Burger,136,63,73,60,Default Supplier
205,2025-02-10,Juice,88,51,37,30,Default Supplier
206,2025-02-11,Coffee,62,25,37,20,Default Supplier
207,2025-02-11,Tea,99,33,66,15,Default Supplier
208,2025-02-11,Sandwich,144,135,9,40,Default Supplier
209,2025-02-11,Burger,68,24,44,60,Default Supplier
210,2025-02-11,Juice,83,32,51,30,Default Supplier
211,2025-02-12,Coffee,140,28,112,20,Default Supplier
212,2025-02-12,Tea,94,45,49,15,Default Supplier
213,2025-02-12,Sandwich,128,86,42,40,Default Supplier
214,2025-02-12,Burger,112,110,2,60,Default Supplier
215,2025-02-12,Juice,82,65,17,30,Default Supplier
216,2025-02-13,Coffee,132,110,22,20,Default Supplier
217,2025-02-13,Tea,60,27,33,15,Default Supplier
218,2025-02-13,Sandwich,113,68,45,40,Default Supplier
219,2025-02-13,Burger,134,38,96,60,Default Supplier
220,2025-02-13,Juice,72,57,15,30,Default Supplier
221,2025-02-14,Coffee,105,89,16,20,Default Supplier
222,2025-02-14,Tea,123,111,12,15,Default Supplier
223,2025-02-14,Sandwich,127,116,11,40,Default Supplier
224,2025-02-14,Burger,85,62,23,60,Default Supplier
225,2025-02-14,Juice,73,24,49,30,Default Supplier
226,2025-02-15,Coffee,147,22,125,20,Default Supplier
227,2025-02-15,Tea,55,40,15,15,Default Supplier
228,2025-02-15,Sandwich,129,29,100,40,Default Supplier
229,2025-02-15,Burger,131,103,28,60,Default Supplier
230,2025-02-15,Juice,121,120,1,30,Default Supplier
231,2025-02-16,Coffee,67,26,41,20,Default Supplier
232,2025-02-16,Tea,114,66,48,15,Default Supplier
233,2025-02-16,Sandwich,72,34,38,40,Default Supplier
234,2025-02-16,Burger,69,24,45,60,Default Supplier
235,2025-02-16,Juice,72,25,47,30,Default Supplier
236,2025-02-17,Coffee,67,59,8,20,Default Supplier
237,2025-02-17,Tea,59,28,31,15,Default Supplier
238,2025-02-17,Sandwich,90,26,64,40,Default Supplier
239,2025-02-17,Burger,56,55,1,60,Default Supplier
240,2025-02-17,Juice,109,70,39,30,Default Supplier
241,2025-02-18,Coffee,56,47,9,20,Default Supplier
242,2025-02-18,Tea,139,84,55,15,Default Supplier
243,2025-02-18,Sandwich,147,121,26,40,Default Supplier
244,2025-02-18,Burger,125,110,15,60,Default Supplier
245,2025-02-18,Juice,116,35,81,30,Default Supplier
246,2025-02-19,Coffee,118,81,37,20,Default Supplier
247,2025-02-19,Tea,58,28,30,15,Default Supplier
248,2025-02-19,Sandwich,69,53,16,40,Default Supplier
249,2025-02-19,Burger,145,93,52,60,Default Supplier
250,2025-02-19,Juice,82,61,21,30,Default Supplier
251,2025-02-20,Coffee,89,64,25,20,Default Supplier
252,2025-02-20,Tea,104,85,19,15,Default Supplier
253,2025-02-20,Sandwich,55,44,11,40,Default Supplier
254,2025-02-20,Burger,101,65,36,60,Default Supplier
255,2025-02-20,Juice,146,116,30,30,Default Supplier
256,2025-02-21,Coffee,87,20,67,20,Default Supplier
257,2025-02-21,Tea,139,89,50,15,Default Supplier
258,2025-02-21,Sandwich,114,94,20,40,Default Supplier
259,2025-02-21,Burger,108,27,81,60,Default Supplier
260,2025-02-21,Juice,127,65,62,30,Default Supplier
261,2025-02-22,Coffee,122,115,7,20,Default Supplier
262,2025-02-22,Tea,77,53,24,15,Default Supplier
263,2025-02-22,Sandwich,72,33,39,40,Default Supplier
264,2025-02-22,Burger,131,104,27,60,Default Supplier
265,2025-02-22,Juice,73,49,24,30,Default Supplier
266,2025-02-23,Coffee,54,51,3,20,Default Supplier
267,2025-02-23,Tea,114,106,8,15,Default Supplier
268,2025-02-23,Sandwich,105,51,54,40,Default Supplier
269,2025-02-23,Burger,143,97,46,60,Default Supplier
270,2025-02-23,Juice,74,40,34,30,Default Supplier
271,2025-02-24,Coffee,53,29,24,20,Default Supplier
272,2025-02-24,Tea,69,45,24,15,Default Supplier
273,2025-02-24,Sandwich,52,25,27,40,Default Supplier
274,2025-02-24,Burger,82,54,28,60,Default Supplier
275,2025-02-24,Juice,142,73,69,30,Default Supplier
276,2025-02-25,Coffee,124,101,23,20,Default Supplier
277,2025-02-25,Tea,72,65,7,15,Default Supplier
278,2025-02-25,Sandwich,105,66,39,40,Default Supplier
279,2025-02-25,Burger,141,31,110,60,Default Supplier
280,2025-02-25,Juice,108,22,86,30,Default Supplier
281,2025-02-26,Coffee,101,58,43,20,Default Supplier
282,2025-02-26,Tea,128,33,95,15,Default Supplier
283,2025-02-26,Sandwich,119,24,95,40,Default Supplier
284,2025-02-26,Burger,80,21,59,60,Default Supplier
285,2025-02-26,Juice,106,50,56,30,Default Supplier
286,2025-02-27,Coffee,109,81,28,20,Default Supplier
287,2025-02-27,Tea,131,99,32,15,Default Supplier
288,2025-02-27,Sandwich,94,48,46,40,Default Supplier
289,2025-02-27,Burger,130,55,75,60,Default Supplier
290,2025-02-27,Juice,96,23,73,30,Default Supplier
291,2025-02-28,Coffee,133,121,12,20,Default Supplier
292,2025-02-28,Tea,121,47,74,15,Default Supplier
293,2025-02-28,Sandwich,92,68,24,40,Default Supplier
294,2025-02-28,Burger,96,80,16,60,Default Supplier
295,2025-02-28,Juice,88,47,41,30,Default Supplier
296,2025-03-01,Coffee,80,54,26,20,Default Supplier
297,2025-03-01,Tea,56,52,4,15,Default Supplier
298,2025-03-01,Sandwich,111,110,1,40,Default Supplier
299,2025-03-01,Burger,87,22,65,60,Default Supplier
300,2025-03-01,Juice,54,33,21,30,Default Supplier
301,2025-03-02,Coffee,73,70,3,20,Default Supplier
302,2025-03-02,Tea,104,92,12,15,Default Supplier
303,2025-03-02,Sandwich,141,42,99,40,Default Supplier
304,2025-03-02,Burger,114,103,11,60,Default Supplier
305,2025-03-02,Juice,115,35,80,30,Default Supplier
306,2025-03-03,Coffee,134,31,103,20,Default Supplier
307,2025-03-03,Tea,58,40,18,15,Default Supplier
308,2025-03-03,Sandwich,63,39,24,40,Default Supplier
309,2025-03-03,Burger,128,55,73,60,Default Supplier
310,2025-03-03,Juice,75,73,2,30,Default Supplier
311,2025-03-04,Coffee,129,68,61,20,Default Supplier
312,2025-03-04,Tea,51,29,22,15,Default Supplier
313,2025-03-04,Sandwich,81,67,14,40,Default Supplier
314,2025-03-04,Burger,70,65,5,60,Default Supplier
315,2025-03-04,Juice,133,121,12,30,Default Supplier
316,2025-03-05,Coffee,124,71,53,20,Default Supplier
317,2025-03-05,Tea,144,118,26,15,Default Supplier
318,2025-03-05,Sandwich,122,113,9,40,Default Supplier
319,2025-03-05,Burger,124,40,84,60,Default Supplier
320,2025-03-05,Juice,53,37,16,30,Default Supplier
321,2025-03-06,Coffee,76,73,3,20,Default Supplier
322,2025-03-06,Tea,86,77,9,15,Default Supplier
323,2025-03-06,Sandwich,54,40,14,40,Default Supplier
324,2025-03-06,Burger,59,33,26,60,Default Supplier
325,2025-03-06,Juice,86,46,40,30,Default Supplier
326,2025-03-07,Coffee,115,61,54,20,Default Supplier
327,2025-03-07,Tea,134,51,83,15,Default Supplier
328,2025-03-07,Sandwich,111,102,9,40,Default Supplier
329,2025-03-07,Burger,77,30,47,60,Default Supplier
330,2025-03-07,Juice,147,133,14,30,Default Supplier
331,2025-03-08,Coffee,53,38,15,20,Default Supplier
332,2025-03-08,Tea,62,54,8,15,Default Supplier
333,2025-03-08,Sandwich,142,138,4,40,Default Supplier
334,2025-03-08,Burger,86,67,19,60,Default Supplier
335,2025-03-08,Juice,84,55,29,30,Default Supplier
336,2025-03-09,Coffee,111,104,7,20,Default Supplier
337,2025-03-09,Tea,105,42,63,15,Default Supplier
338,2025-03-09,Sandwich,133,106,27,40,Default Supplier
339,2025-03-09,Burger,128,45,83,60,Default Supplier
340,2025-03-09,Juice,79,30,49,30,Default Supplier
341,2025-03-10,Coffee,111,24,87,20,Default Supplier
342,2025-03-10,Tea,83,21,62,15,Default Supplier
343,2025-03-10,Sandwich,85,71,14,40,Default Supplier
344,2025-03-10,Burger,146,22,124,60,Default Supplier
345,2025-03-10,Juice,105,89,16,30,Default Supplier
346,2025-03-11,Coffee,60,53,7,20,Default Supplier
347,2025-03-11,Tea,121,50,71,15,Default Supplier
348,2025-03-11,Sandwich,54,24,30,40,Default Supplier
349,2025-03-11,Burger,96,94,2,60,Default Supplier
350,2025-03-11,Juice,144,20,124,30,Default Supplier
351,2025-03-12,Coffee,135,74,61,20,Default Supplier
352,2025-03-12,Tea,66,27,39,15,Default Supplier
353,2025-03-12,Sandwich,84,30,54,40,Default Supplier
354,2025-03-12,Burger,78,31,47,60,Default Supplier
355,2025-03-12,Juice,142,103,39,30,Default Supplier
356,2025-03-13,Coffee,146,141,5,20,Default Supplier
357,2025-03-13,Tea,100,86,14,15,Default Supplier
358,2025-03-13,Sandwich,84,46,38,40,Default Supplier
359,2025-03-13,Burger,149,23,126,60,Default Supplier
360,2025-03-13,Juice,100,70,30,30,Default Supplier
361,2025-03-14,Coffee,103,72,31,20,Default Supplier
362,2025-03-14,Tea,147,65,82,15,Default Supplier
363,2025-03-14,Sandwich,99,95,4,40,Default Supplier
364,2025-03-14,Burger,93,80,13,60,Default Supplier
365,2025-03-14,Juice,53,45,8,30,Default Supplier
366,2025-03-15,Coffee,130,98,32,20,Default Supplier
367,2025-03-15,Tea,143,93,50,15,Default Supplier
368,2025-03-15,Sandwich,79,52,27,40,Default Supplier
369,2025-03-15,Burger,143,99,44,60,Default Supplier
370,2025-03-15,Juice,54,33,21,30,Default Supplier
371,2025-03-16,Coffee,75,49,26,20,Default Supplier
372,2025-03-16,Tea,99,96,3,15,Default Supplier
373,2025-03-16,Sandwich,86,43,43,40,Default Supplier
374,2025-03-16,Burger,111,38,73,60,Default Supplier
375,2025-03-16,Juice,139,120,19,30,Default Supplier
376,2025-03-17,Coffee,146,123,23,20,Default Supplier
377,2025-03-17,Tea,54,26,28,15,Default Supplier
378,2025-03-17,Sandwich,111,69,42,40,Default Supplier
379,2025-03-17,Burger,85,26,59,60,Default Supplier
380,2025-03-17,Juice,59,25,34,30,Default Supplier
381,2025-03-18,Coffee,139,89,50,20,Default Supplier
382,2025-03-18,Tea,70,26,44,15,Default Supplier
383,2025-03-18,Sandwich,123,116,7,40,Default Supplier
384,2025-03-18,Burger,80,22,58,60,Default Supplier
385,2025-03-18,Juice,65,40,25,30,Default Supplier
386,2025-03-19,Coffee,128,93,35,20,Default Supplier
387,2025-03-19,Tea,147,98,49,15,Default Supplier
388,2025-03-19,Sandwich,80,73,7,40,Default Supplier
389,2025-03-19,Burger,142,99,43,60,Default Supplier
390,2025-03-19,Juice,115,43,72,30,Default Supplier
391,2025-03-20,Coffee,102,79,23,20,Default Supplier
392,2025-03-20,Tea,68,59,9,15,Default Supplier
393,2025-03-20,Sandwich,79,25,54,40,Default Supplier
394,2025-03-20,Burger,51,37,14,60,Default Supplier
395,2025-03-20,Juice,92,85,7,30,Default Supplier
396,2025-03-21,Coffee,58,46,12,20,Default Supplier
397,2025-03-21,Tea,68,26,42,15,Default Supplier
398,2025-03-21,Sandwich,121,82,39,40,Default Supplier
399,2025-03-21,Burger,64,21,43,60,Default Supplier
400,2025-03-21,Juice,84,25,59,30,Default Supplier
401,2025-03-22,Coffee,103,49,54,20,Default Supplier
402,2025-03-22,Tea,131,123,8,15,Default Supplier
403,2025-03-22,Sandwich,81,39,42,40,Default Supplier
404,2025-03-22,Burger,141,46,95,60,Default Supplier
405,2025-03-22,Juice,65,24,41,30,Default Supplier
406,2025-03-23,Coffee,117,106,11,20,Default Supplier
407,2025-03-23,Tea,56,51,5,15,Default Supplier
408,2025-03-23,Sandwich,105,68,37,40,Default Supplier
409,2025-03-23,Burger,93,59,34,60,Default Supplier
410,2025-03-23,Juice,129,114,15,30,Default Supplier
411,2025-03-24,Coffee,68,64,4,20,Default Supplier
412,2025-03-24,Tea,65,29,36,15,Default Supplier
413,2025-03-24,Sandwich,108,29,79,40,Default Supplier
414,2025-03-24,Burger,138,129,9,60,Default Supplier
415,2025-03-24,Juice,136,120,16,30,Default Supplier
416,2025-03-25,Coffee,116,101,15,20,Default Supplier
417,2025-03-25,Tea,121,54,67,15,Default Supplier
418,2025-03-25,Sandwich,55,38,17,40,Default Supplier
419,2025-03-25,Burger,95,34,61,60,Default Supplier
420,2025-03-25,Juice,77,32,45,30,Default Supplier
421,2025-03-26,Coffee,110,30,80,20,Default Supplier
422,2025-03-26,Tea,139,63,76,15,Default Supplier
423,2025-03-26,Sandwich,82,40,42,40,Default Supplier
424,2025-03-26,Burger,99,37,62,60,Default Supplier
425,2025-03-26,Juice,130,72,58,30,Default Supplier
426,2025-03-27,Coffee,84,74,10,20,Default Supplier
427,2025-03-27,Tea,75,61,14,15,Default Supplier
428,2025-03-27,Sandwich,58,39,19,40,Default Supplier
429,2025-03-27,Burger,143,98,45,60,Default Supplier
430,2025-03-27,Juice,97,44,53,30,Default Supplier
431,2025-03-28,Coffee,80,50,30,20,Default Supplier
432,2025-03-28,Tea,115,57,58,15,Default Supplier
433,2025-03-28,Sandwich,131,98,33,40,Default Supplier
434,2025-03-28,Burger,134,84,50,60,Default Supplier
435,2025-03-28,Juice,145,50,95,30,Default Supplier
436,2025-03-29,Coffee,133,107,26,20,Default Supplier
437,2025-03-29,Tea,144,23,121,15,Default Supplier
438,2025-03-29,Sandwich,55,23,32,40,Default Supplier
439,2025-03-29,Burger,65,61,4,60,Default Supplier
440,2025-03-29,Juice,92,58,34,30,Default Supplier
441,2025-03-30,Coffee,109,53,56,20,Default Supplier
442,2025-03-30,Tea,145,27,118,15,Default Supplier
443,2025-03-30,Sandwich,120,73,47,40,Default Supplier
444,2025-03-30,Burger,50,40,10,60,Default Supplier
445,2025-03-30,Juice,122,92,30,30,Default Supplier
446,2025-03-31,Coffee,147,106,41,20,Default Supplier
447,2025-03-31,Tea,106,51,55,15,Default Supplier
448,2025-03-31,Sandwich,123,83,40,40,Default Supplier
449,2025-03-31,Burger,147,113,34,60,Default Supplier
450,2025-03-31,Juice,99,94,5,30,Default Supplier
451,2025-04-01,Coffee,103,58,45,20,Default Supplier
452,2025-04-01,Tea,148,88,60,15,Default Supplier
453,2025-04-01,Sandwich,96,88,8,40,Default Supplier
454,2025-04-01,Burger,109,104,5,60,Default Supplier
455,2025-04-01,Juice,98,39,59,30,Default Supplier
456,2025-04-02,Coffee,76,66,10,20,Default Supplier
457,2025-04-02,Tea,63,26,37,15,Default Supplier
458,2025-04-02,Sandwich,149,40,109,40,Default Supplier
459,2025-04-02,Burger,96,26,70,60,Default Supplier
460,2025-04-02,Juice,75,55,20,30,Default Supplier
461,2025-04-03,Coffee,86,64,22,20,Default Supplier
462,2025-04-03,Tea,132,65,67,15,Default Supplier
463,2025-04-03,Sandwich,52,42,10,40,Default Supplier
464,2025-04-03,Burger,122,76,46,60,Default Supplier
465,2025-04-03,Juice,95,84,11,30,Default Supplier
466,2025-04-04,Coffee,92,83,9,20,Default Supplier
467,2025-04-04,Tea,104,50,54,15,Default Supplier
468,2025-04-04,Sandwich,51,24,27,40,Default Supplier
469,2025-04-04,Burger,105,96,9,60,Default Supplier
470,2025-04-04,Juice,56,26,30,30,Default Supplier
471,2025-04-05,Coffee,67,31,36,20,Default Supplier
472,2025-04-05,Tea,51,47,4,15,Default Supplier
473,2025-04-05,Sandwich,74,62,12,40,Default Supplier
474,2025-04-05,Burger,116,97,19,60,Default Supplier
475,2025-04-05,Juice,141,33,108,30,Default Supplier
476,2025-04-06,Coffee,56,29,27,20,Default Supplier
477,2025-04-06,Tea,144,71,73,15,Default Supplier
478,2025-04-06,Sandwich,124,41,83,40,Default Supplier
479,2025-04-06,Burger,108,105,3,60,Default Supplier
480,2025-04-06,Juice,115,48,67,30,Default Supplier
481,2025-04-07,Coffee,76,70,6,20,Default Supplier
482,2025-04-07,Tea,130,84,46,15,Default Supplier
483,2025-04-07,Sandwich,111,72,39,40,Default Supplier
484,2025-04-07,Burger,69,54,15,60,Default Supplier
485,2025-04-07,Juice,128,33,95,30,Default Supplier
486,2025-04-08,Coffee,100,72,28,20,Default Supplier
487,2025-04-08,Tea,136,120,16,15,Default Supplier
488,2025-04-08,Sandwich,58,27,31,40,Default Supplier
489,2025-04-08,Burger,108,89,19,60,Default Supplier
490,2025-04-08,Juice,101,87,14,30,Default Supplier
491,2025-04-09,Coffee,128,81,47,20,Default Supplier
492,2025-04-09,Tea,67,26,41,15,Default Supplier
493,2025-04-09,Sandwich,106,56,50,40,Default Supplier
494,2025-04-09,Burger,126,87,39,60,Default Supplier
495,2025-04-09,Juice,133,49,84,30,Default Supplier
496,2025-04-10,Coffee,64,29,35,20,Default Supplier
497,2025-04-10,Tea,137,22,115,15,Default Supplier
498,2025-04-10,Sandwich,53,49,4,40,Default Supplier
499,2025-04-10,Burger,108,36,72,60,Default Supplier
500,2025-04-10,Juice,131,73,58,30,Default Supplier
501,2025-04-11,Coffee,76,30,46,20,Default Supplier
502,2025-04-11,Tea,89,30,59,15,Default Supplier
503,2025-04-11,Sandwich,111,46,65,40,Default Supplier
504,2025-04-11,Burger,60,29,31,60,Default Supplier
505,2025-04-11,Juice,72,45,27,30,Default Supplier
506,2025-04-12,Coffee,85,84,1,20,Default Supplier
507,2025-04-12,Tea,70,36,34,15,Default Supplier
508,2025-04-12,Sandwich,80,43,37,40,Default Supplier
509,2025-04-12,Burger,82,77,5,60,Default Supplier
510,2025-04-12,Juice,87,42,45,30,Default Supplier
511,2025-04-13,Coffee,91,75,16,20,Default Supplier
512,2025-04-13,Tea,61,58,3,15,Default Supplier
513,2025-04-13,Sandwich,122,118,4,40,Default Supplier
514,2025-04-13,Burger,95,71,24,60,Default Supplier
515,2025-04-13,Juice,101,69,32,30,Default Supplier
516,2025-04-14,Coffee,107,43,64,20,Default Supplier
517,2025-04-14,Tea,78,34,44,15,Default Supplier
518,2025-04-14,Sandwich,62,48,14,40,Default Supplier
519,2025-04-14,Burger,108,102,6,60,Default Supplier
520,2025-04-14,Juice,89,82,7,30,Default Supplier
521,2025-04-15,Coffee,137,80,57,20,Default Supplier
522,2025-04-15,Tea,52,41,11,15,Default Supplier
523,2025-04-15,Sandwich,104,45,59,40,Default Supplier
524,2025-04-15,Burger,57,49,8,60,Default Supplier
525,2025-04-15,Juice,57,46,11,30,Default Supplier
526,2025-04-16,Coffee,91,29,62,20,Default Supplier
527,2025-04-16,Tea,67,49,18,15,Default Supplier
528,2025-04-16,Sandwich,60,25,35,40,Default Supplier
529,2025-04-16,Burger,57,26,31,60,Default Supplier
530,2025-04-16,Juice,101,70,31,30,Default Supplier
531,2025-04-17,Coffee,123,92,31,20,Default Supplier
532,2025-04-17,Tea,126,74,52,15,Default Supplier
533,2025-04-17,Sandwich,51,26,25,40,Default Supplier
534,2025-04-17,Burger,86,27,59,60,Default Supplier
535,2025-04-17,Juice,67,62,5,30,Default Supplier
536,2025-04-18,Coffee,55,48,7,20,Default Supplier
537,2025-04-18,Tea,62,52,10,15,Default Supplier
538,2025-04-18,Sandwich,139,78,61,40,Default Supplier
539,2025-04-18,Burger,116,97,19,60,Default Supplier
540,2025-04-18,Juice,61,27,34,30,Default Supplier
541,2025-04-19,Coffee,111,81,30,20,Default Supplier
542,2025-04-19,Tea,103,81,22,15,Default Supplier
543,2025-04-19,Sandwich,126,121,5,40,Default Supplier
544,2025-04-19,Burger,128,121,7,60,Default Supplier
545,2025-04-19,Juice,132,123,9,30,Default Supplier
546,2025-04-20,Coffee,52,27,25,20,Default Supplier
547,2025-04-20,Tea,131,40,91,15,Default Supplier
548,2025-04-20,Sandwich,137,73,64,40,Default Supplier
549,2025-04-20,Burger,95,42,53,60,Default Supplier
550,2025-04-20,Juice,97,66,31,30,Default Supplier
551,2025-04-21,Coffee,148,51,97,20,Default Supplier
552,2025-04-21,Tea,108,43,65,15,Default Supplier
553,2025-04-21,Sandwich,144,100,44,40,Default Supplier
554,2025-04-21,Burger,117,66,51,60,Default Supplier
555,2025-04-21,Juice,132,71,61,30,Default Supplier
556,2025-04-22,Coffee,110,85,25,20,Default Supplier
557,2025-04-22,Tea,149,56,93,15,Default Supplier
558,2025-04-22,Sandwich,71,56,15,40,Default Supplier
559,2025-04-22,Burger,91,85,6,60,Default Supplier
560,2025-04-22,Juice,72,68,4,30,Default Supplier
561,2025-04-23,Coffee,118,41,77,20,Default Supplier
562,2025-04-23,Tea,139,20,119,15,Default Supplier
563,2025-04-23,Sandwich,78,65,13,40,Default Supplier
564,2025-04-23,Burger,87,52,35,60,Default Supplier
565,2025-04-23,Juice,90,28,62,30,Default Supplier
566,2025-04-24,Coffee,64,21,43,20,Default Supplier
567,2025-04-24,Tea,133,123,10,15,Default Supplier
568,2025-04-24,Sandwich,146,54,92,40,Default Supplier
569,2025-04-24,Burger,88,69,19,60,Default Supplier
570,2025-04-24,Juice,127,66,61,30,Default Supplier
571,2025-04-25,Coffee,89,77,12,20,Default Supplier
572,2025-04-25,Tea,95,69,26,15,Default Supplier
573,2025-04-25,Sandwich,118,54,64,40,Default Supplier
574,2025-04-25,Burger,142,51,91,60,Default Supplier
575,2025-04-25,Juice,99,68,31,30,Default Supplier
576,2025-04-26,Coffee,106,21,85,20,Default Supplier
577,2025-04-26,Tea,119,33,86,15,Default Supplier
578,2025-04-26,Sandwich,94,92,2,40,Default Supplier
579,2025-04-26,Burger,148,132,16,60,Default Supplier
580,2025-04-26,Juice,101,62,39,30,Default Supplier
581,2025-04-27,Coffee,130,30,100,20,Default Supplier
582,2025-04-27,Tea,146,37,109,15,Default Supplier
583,2025-04-27,Sandwich,59,24,35,40,Default Supplier
584,2025-04-27,Burger,95,75,20,60,Default Supplier
585,2025-04-27,Juice,126,95,31,30,Default Supplier
586,2025-04-28,Coffee,57,25,32,20,Default Supplier
587,2025-04-28,Tea,97,80,17,15,Default Supplier
588,2025-04-28,Sandwich,50,22,28,40,Default Supplier
589,2025-04-28,Burger,113,108,5,60,Default Supplier
590,2025-04-28,Juice,82,54,28,30,Default Supplier
591,2025-04-29,Coffee,112,101,11,20,Default Supplier
592,2025-04-29,Tea,80,78,2,15,Default Supplier
593,2025-04-29,Sandwich,87,28,59,40,Default Supplier
594,2025-04-29,Burger,52,36,16,60,Default Supplier
595,2025-04-29,Juice,125,81,44,30,Default Supplier
596,2025-04-30,Coffee,145,121,24,20,Default Supplier
597,2025-04-30,Tea,90,64,26,15,Default Supplier
598,2025-04-30,Sandwich,92,73,19,40,Default Supplier
599,2025-04-30,Burger,131,39,92,60,Default Supplier
600,2025-04-30,Juice,131,72,59,30,Default Supplier
601,2025-05-01,Coffee,114,107,7,20,Default Supplier
602,2025-05-01,Tea,50,39,11,15,Default Supplier
603,2025-05-01,Sandwich,101,70,31,40,Default Supplier
604,2025-05-01,Burger,104,103,1,60,Default Supplier
605,2025-05-01,Juice,111,102,9,30,Default Supplier
606,2025-05-02,Coffee,69,41,28,20,Default Supplier
607,2025-05-02,Tea,91,36,55,15,Default Supplier
608,2025-05-02,Sandwich,90,57,33,40,Default Supplier
609,2025-05-02,Burger,78,60,18,60,Default Supplier
610,2025-05-02,Juice,122,80,42,30,Default Supplier
611,2025-05-03,Coffee,148,89,59,20,Default Supplier
612,2025-05-03,Tea,83,20,63,15,Default Supplier
613,2025-05-03,Sandwich,144,38,106,40,Default Supplier
614,2025-05-03,Burger,130,45,85,60,Default Supplier
615,2025-05-03,Juice,109,107,2,30,Default Supplier
616,2025-05-04,Coffee,96,56,40,20,Default Supplier
617,2025-05-04,Tea,56,38,18,15,Default Supplier
618,2025-05-04,Sandwich,116,51,65,40,Default Supplier
619,2025-05-04,Burger,107,51,56,60,Default Supplier
620,2025-05-04,Juice,74,70,4,30,Default Supplier
621,2025-05-05,Coffee,93,22,71,20,Default Supplier
622,2025-05-05,Tea,64,32,32,15,Default Supplier
623,2025-05-05,Sandwich,135,113,22,40,Default Supplier
624,2025-05-05,Burger,130,53,77,60,Default Supplier
625,2025-05-05,Juice,84,50,34,30,Default Supplier
626,2025-05-06,Coffee,65,42,23,20,Default Supplier
627,2025-05-06,Tea,74,27,47,15,Default Supplier
628,2025-05-06,Sandwich,100,76,24,40,Default Supplier
629,2025-05-06,Burger,68,63,5,60,Default Supplier
630,2025-05-06,Juice,99,76,23,30,Default Supplier
631,2025-05-07,Coffee,132,91,41,20,Default Supplier
632,2025-05-07,Tea,125,51,74,15,Default Supplier
633,2025-05-07,Sandwich,67,58,9,40,Default Supplier
634,2025-05-07,Burger,55,30,25,60,Default Supplier
635,2025-05-07,Juice,101,76,25,30,Default Supplier
636,2025-05-08,Coffee,80,78,2,20,Default Supplier
637,2025-05-08,Tea,99,23,76,15,Default Supplier
638,2025-05-08,Sandwich,137,134,3,40,Default Supplier
639,2025-05-08,Burger,91,50,41,60,Default Supplier
640,2025-05-08,Juice,93,92,1,30,Default Supplier
641,2025-05-09,Coffee,133,27,106,20,Default Supplier
642,2025-05-09,Tea,114,53,61,15,Default Supplier
643,2025-05-09,Sandwich,126,84,42,40,Default Supplier
644,2025-05-09,Burger,101,49,52,60,Default Supplier
645,2025-05-09,Juice,110,83,27,30,Default Supplier
646,2025-05-10,Coffee,105,59,46,20,Default Supplier
647,2025-05-10,Tea,114,42,72,15,Default Supplier
648,2025-05-10,Sandwich,59,56,3,40,Default Supplier
649,2025-05-10,Burger,116,72,44,60,Default Supplier
650,2025-05-10,Juice,148,64,84,30,Default Supplier
651,2025-05-11,Coffee,106,95,11,20,Default Supplier
652,2025-05-11,Tea,135,119,16,15,Default Supplier
653,2025-05-11,Sandwich,66,63,3,40,Default Supplier
654,2025-05-11,Burger,119,26,93,60,Default Supplier
655,2025-05-11,Juice,121,112,9,30,Default Supplier
656,2025-05-12,Coffee,79,26,53,20,Default Supplier
657,2025-05-12,Tea,62,48,14,15,Default Supplier
658,2025-05-12,Sandwich,123,103,20,40,Default Supplier
659,2025-05-12,Burger,59,34,25,60,Default Supplier
660,2025-05-12,Juice,111,36,75,30,Default Supplier
661,2025-05-13,Coffee,60,23,37,20,Default Supplier
662,2025-05-13,Tea,144,142,2,15,Default Supplier
663,2025-05-13,Sandwich,125,57,68,40,Default Supplier
664,2025-05-13,Burger,106,97,9,60,Default Supplier
665,2025-05-13,Juice,51,26,25,30,Default Supplier
666,2025-05-14,Coffee,96,30,66,20,Default Supplier
667,2025-05-14,Tea,103,57,46,15,Default Supplier
668,2025-05-14,Sandwich,88,72,16,40,Default Supplier
669,2025-05-14,Burger,112,69,43,60,Default Supplier
670,2025-05-14,Juice,136,65,71,30,Default Supplier
671,2025-05-15,Coffee,98,92,6,20,Default Supplier
672,2025-05-15,Tea,68,43,25,15,Default Supplier
673,2025-05-15,Sandwich,117,115,2,40,Default Supplier
674,2025-05-15,Burger,142,55,87,60,Default Supplier
675,2025-05-15,Juice,76,53,23,30,Default Supplier
676,2025-05-16,Coffee,116,25,91,20,Default Supplier
677,2025-05-16,Tea,55,52,3,15,Default Supplier
678,2025-05-16,Sandwich,65,50,15,40,Default Supplier
679,2025-05-16,Burger,120,57,63,60,Default Supplier
680,2025-05-16,Juice,123,91,32,30,Default Supplier
681,2025-05-17,Coffee,143,71,72,20,Default Supplier
682,2025-05-17,Tea,56,41,15,15,Default Supplier
683,2025-05-17,Sandwich,148,108,40,40,Default Supplier
684,2025-05-17,Burger,73,22,51,60,Default Supplier
685,2025-05-17,Juice,127,112,15,30,Default Supplier
686,2025-05-18,Coffee,81,77,4,20,Default Supplier
687,2025-05-18,Tea,73,65,8,15,Default Supplier
688,2025-05-18,Sandwich,103,45,58,40,Default Supplier
689,2025-05-18,Burger,80,59,21,60,Default Supplier
690,2025-05-18,Juice,78,51,27,30,Default Supplier
691,2025-05-19,Coffee,93,26,67,20,Default Supplier
692,2025-05-19,Tea,67,54,13,15,Default Supplier
693,2025-05-19,Sandwich,138,111,27,40,Default Supplier
694,2025-05-19,Burger,107,79,28,60,Default Supplier
695,2025-05-19,Juice,86,60,26,30,Default Supplier
696,2025-05-20,Coffee,79,53,26,20,Default Supplier
697,2025-05-20,Tea,57,44,13,15,Default Supplier
698,2025-05-20,Sandwich,126,65,61,40,Default Supplier
699,2025-05-20,Burger,120,28,92,60,Default Supplier
700,2025-05-20,Juice,128,30,98,30,Default Supplier
701,2025-05-21,Coffee,148,70,78,20,Default Supplier
702,2025-05-21,Tea,73,62,11,15,Default Supplier
703,2025-05-21,Sandwich,66,64,2,40,Default Supplier
704,2025-05-21,Burger,124,22,102,60,Default Supplier
705,2025-05-21,Juice,141,53,88,30,Default Supplier
706,2025-05-22,Coffee,51,32,19,20,Default Supplier
707,2025-05-22,Tea,139,26,113,15,Default Supplier
708,2025-05-22,Sandwich,52,48,4,40,Default Supplier
709,2025-05-22,Burger,80,20,60,60,Default Supplier
710,2025-05-22,Juice,51,39,12,30,Default Supplier
711,2025-05-23,Coffee,95,73,22,20,Default Supplier
712,2025-05-23,Tea,50,22,28,15,Default Supplier
713,2025-05-23,Sandwich,58,43,15,40,Default Supplier
714,2025-05-23,Burger,82,30,52,60,Default Supplier
715,2025-05-23,Juice,69,31,38,30,Default Supplier
716,2025-05-24,Coffee,118,64,54,20,Default Supplier
717,2025-05-24,Tea,113,30,83,15,Default Supplier
718,2025-05-24,Sandwich,98,80,18,40,Default Supplier
719,2025-05-24,Burger,104,34,70,60,Default Supplier
720,2025-05-24,Juice,54,46,8,30,Default Supplier
721,2025-05-25,Coffee,126,26,100,20,Default Supplier
722,2025-05-25,Tea,62,45,17,15,Default Supplier
723,2025-05-25,Sandwich,108,85,23,40,Default Supplier
724,2025-05-25,Burger,148,113,35,60,Default Supplier
725,2025-05-25,Juice,103,54,49,30,Default Supplier
726,2025-05-26,Coffee,84,61,23,20,Default Supplier
727,2025-05-26,Tea,99,39,60,15,Default Supplier
728,2025-05-26,Sandwich,123,52,71,40,Default Supplier
729,2025-05-26,Burger,129,99,30,60,Default Supplier
730,2025-05-26,Juice,100,82,18,30,Default Supplier
731,2025-05-27,Coffee,123,21,102,20,Default Supplier
732,2025-05-27,Tea,148,47,101,15,Default Supplier
733,2025-05-27,Sandwich,77,57,20,40,Default Supplier
734,2025-05-27,Burger,142,140,2,60,Default Supplier
735,2025-05-27,Juice,80,25,55,30,Default Supplier
736,2025-05-28,Coffee,57,52,5,20,Default Supplier
737,2025-05-28,Tea,114,25,89,15,Default Supplier
738,2025-05-28,Sandwich,128,69,59,40,Default Supplier
739,2025-05-28,Burger,136,56,80,60,Default Supplier
740,2025-05-28,Juice,142,30,112,30,Default Supplier
741,2025-05-29,Coffee,134,102,32,20,Default Supplier
742,2025-05-29,Tea,74,42,32,15,Default Supplier
743,2025-05-29,Sandwich,124,80,44,40,Default Supplier
744,2025-05-29,Burger,131,108,23,60,Default Supplier
745,2025-05-29,Juice,149,133,16,30,Default Supplier
746,2025-05-30,Coffee,148,44,104,20,Default Supplier
747,2025-05-30,Tea,136,105,31,15,Default Supplier
748,2025-05-30,Sandwich,64,21,43,40,Default Supplier
749,2025-05-30,Burger,71,46,25,60,Default Supplier
750,2025-05-30,Juice,55,36,19,30,Default Supplier
751,2025-05-31,Coffee,83,20,63,20,Default Supplier
752,2025-05-31,Tea,93,41,52,15,Default Supplier
753,2025-05-31,Sandwich,64,53,11,40,Default Supplier
754,2025-05-31,Burger,57,33,24,60,Default Supplier
755,2025-05-31,Juice,70,44,26,30,Default Supplier
756,2025-06-01,Coffee,53,30,23,20,Default Supplier
757,2025-06-01,Tea,141,124,17,15,Default Supplier
758,2025-06-01,Sandwich,132,58,74,40,Default Supplier
759,2025-06-01,Burger,87,55,32,60,Default Supplier
760,2025-06-01,Juice,62,32,30,30,Default Supplier
761,2025-06-02,Coffee,94,49,45,20,Default Supplier
762,2025-06-02,Tea,149,36,113,15,Default Supplier
763,2025-06-02,Sandwich,54,25,29,40,Default Supplier
764,2025-06-02,Burger,56,32,24,60,Default Supplier
765,2025-06-02,Juice,132,128,4,30,Default Supplier
766,2025-06-03,Coffee,118,43,75,20,Default Supplier
767,2025-06-03,Tea,52,46,6,15,Default Supplier
768,2025-06-03,Sandwich,141,40,101,40,Default Supplier
769,2025-06-03,Burger,81,33,48,60,Default Supplier
770,2025-06-03,Juice,57,44,13,30,Default Supplier
771,2025-06-04,Coffee,112,36,76,20,Default Supplier
772,2025-06-04,Tea,69,32,37,15,Default Supplier
773,2025-06-04,Sandwich,144,113,31,40,Default Supplier
774,2025-06-04,Burger,105,54,51,60,Default Supplier
775,2025-06-04,Juice,84,39,45,30,Default Supplier
776,2025-06-05,Coffee,91,24,67,20,Default Supplier
777,2025-06-05,Tea,93,44,49,15,Default Supplier
778,2025-06-05,Sandwich,127,95,32,40,Default Supplier
779,2025-06-05,Burger,91,28,63,60,Default Supplier
780,2025-06-05,Juice,89,52,37,30,Default Supplier
781,2025-06-06,Coffee,92,38,54,20,Default Supplier
782,2025-06-06,Tea,53,48,5,15,Default Supplier
783,2025-06-06,Sandwich,96,77,19,40,Default Supplier
784,2025-06-06,Burger,91,82,9,60,Default Supplier
785,2025-06-06,Juice,75,68,7,30,Default Supplier
786,2025-06-07,Coffee,81,25,56,20,Default Supplier
787,2025-06-07,Tea,67,37,30,15,Default Supplier
788,2025-06-07,Sandwich,76,29,47,40,Default Supplier
789,2025-06-07,Burger,93,77,16,60,Default Supplier
790,2025-06-07,Juice,144,131,13,30,Default Supplier
791,2025-06-08,Coffee,143,103,40,20,Default Supplier
792,2025-06-08,Tea,91,41,50,15,Default Supplier
793,2025-06-08,Sandwich,51,33,18,40,Default Supplier
794,2025-06-08,Burger,123,103,20,60,Default Supplier
795,2025-06-08,Juice,137,21,116,30,Default Supplier
796,2025-06-09,Coffee,77,71,6,20,Default Supplier
797,2025-06-09,Tea,63,57,6,15,Default Supplier
798,2025-06-09,Sandwich,118,45,73,40,Default Supplier
799,2025-06-09,Burger,108,63,45,60,Default Supplier
800,2025-06-09,Juice,126,123,3,30,Default Supplier
801,2025-06-10,Coffee,147,27,120,20,Default Supplier
802,2025-06-10,Tea,58,31,27,15,Default Supplier
803,2025-06-10,Sandwich,74,33,41,40,Default Supplier
804,2025-06-10,Burger,56,54,2,60,Default Supplier
805,2025-06-10,Juice,120,118,2,30,Default Supplier
806,2025-06-11,Coffee,126,119,7,20,Default Supplier
807,2025-06-11,Tea,72,53,19,15,Default Supplier
808,2025-06-11,Sandwich,59,37,22,40,Default Supplier
809,2025-06-11,Burger,121,78,43,60,Default Supplier
810,2025-06-11,Juice,107,22,85,30,Default Supplier
811,2025-06-12,Coffee,146,94,52,20,Default Supplier
812,2025-06-12,Tea,114,111,3,15,Default Supplier
813,2025-06-12,Sandwich,94,23,71,40,Default Supplier
814,2025-06-12,Burger,81,59,22,60,Default Supplier
815,2025-06-12,Juice,95,81,14,30,Default Supplier
816,2025-06-13,Coffee,122,88,34,20,Default Supplier
817,2025-06-13,Tea,107,94,13,15,Default Supplier
818,2025-06-13,Sandwich,65,25,40,40,Default Supplier
819,2025-06-13,Burger,78,72,6,60,Default Supplier
820,2025-06-13,Juice,149,129,20,30,Default Supplier
821,2025-06-14,Coffee,51,31,20,20,Default Supplier
822,2025-06-14,Tea,114,37,77,15,Default Supplier
823,2025-06-14,Sandwich,138,26,112,40,Default Supplier
824,2025-06-14,Burger,106,73,33,60,Default Supplier
825,2025-06-14,Juice,131,68,63,30,Default Supplier
826,2025-06-15,Coffee,94,57,37,20,Default Supplier
827,2025-06-15,Tea,99,33,66,15,Default Supplier
828,2025-06-15,Sandwich,113,44,69,40,Default Supplier
829,2025-06-15,Burger,128,48,80,60,Default Supplier
830,2025-06-15,Juice,58,42,16,30,Default Supplier
831,2025-06-16,Coffee,96,49,47,20,Default Supplier
832,2025-06-16,Tea,60,27,33,15,Default Supplier
833,2025-06-16,Sandwich,60,37,23,40,Default Supplier
834,2025-06-16,Burger,86,21,65,60,Default Supplier
835,2025-06-16,Juice,94,62,32,30,Default Supplier
836,2025-06-17,Coffee,147,25,122,20,Default Supplier
837,2025-06-17,Tea,120,37,83,15,Default Supplier
838,2025-06-17,Sandwich,141,130,11,40,Default Supplier
839,2025-06-17,Burger,83,40,43,60,Default Supplier
840,2025-06-17,Juice,109,76,33,30,Default Supplier
841,2025-06-18,Coffee,81,79,2,20,Default Supplier
842,2025-06-18,Tea,122,86,36,15,Default Supplier
843,2025-06-18,Sandwich,84,75,9,40,Default Supplier
844,2025-06-18,Burger,115,98,17,60,Default Supplier
845,2025-06-18,Juice,147,136,11,30,Default Supplier
846,2025-06-19,Coffee,78,53,25,20,Default Supplier
847,2025-06-19,Tea,69,57,12,15,Default Supplier
848,2025-06-19,Sandwich,124,86,38,40,Default Supplier
849,2025-06-19,Burger,95,66,29,60,Default Supplier
850,2025-06-19,Juice,112,34,78,30,Default Supplier
851,2025-06-20,Coffee,74,26,48,20,Default Supplier
852,2025-06-20,Tea,134,21,113,15,Default Supplier
853,2025-06-20,Sandwich,89,38,51,40,Default Supplier
854,2025-06-20,Burger,116,94,22,60,Default Supplier
855,2025-06-20,Juice,113,107,6,30,Default Supplier
856,2025-06-21,Coffee,148,120,28,20,Default Supplier
857,2025-06-21,Tea,108,30,78,15,Default Supplier
858,2025-06-21,Sandwich,114,61,53,40,Default Supplier
859,2025-06-21,Burger,119,103,16,60,Default Supplier
860,2025-06-21,Juice,146,137,9,30,Default Supplier
861,2025-06-22,Coffee,60,50,10,20,Default Supplier
862,2025-06-22,Tea,145,81,64,15,Default Supplier
863,2025-06-22,Sandwich,145,36,109,40,Default Supplier
864,2025-06-22,Burger,64,31,33,60,Default Supplier
865,2025-06-22,Juice,91,89,2,30,Default Supplier
866,2025-06-23,Coffee,134,39,95,20,Default Supplier
867,2025-06-23,Tea,74,55,19,15,Default Supplier
868,2025-06-23,Sandwich,50,44,6,40,Default Supplier
869,2025-06-23,Burger,59,28,31,60,Default Supplier
870,2025-06-23,Juice,76,69,7,30,Default Supplier
871,2025-06-24,Coffee,126,63,63,20,Default Supplier
872,2025-06-24,Tea,119,79,40,15,Default Supplier
873,2025-06-24,Sandwich,135,83,52,40,Default Supplier
874,2025-06-24,Burger,69,49,20,60,Default Supplier
875,2025-06-24,Juice,58,43,15,30,Default Supplier
876,2025-06-25,Coffee,101,72,29,20,Default Supplier
877,2025-06-25,Tea,146,76,70,15,Default Supplier
878,2025-06-25,Sandwich,93,87,6,40,Default Supplier
879,2025-06-25,Burger,100,97,3,60,Default Supplier
880,2025-06-25,Juice,76,46,30,30,Default Supplier
881,2025-06-26,Coffee,85,59,26,20,Default Supplier
882,2025-06-26,Tea,109,63,46,15,Default Supplier
883,2025-06-26,Sandwich,57,24,33,40,Default Supplier
884,2025-06-26,Burger,96,28,68,60,Default Supplier
885,2025-06-26,Juice,112,63,49,30,Default Supplier
886,2025-06-27,Coffee,86,81,5,20,Default Supplier
887,2025-06-27,Tea,74,60,14,15,Default Supplier
888,2025-06-27,Sandwich,95,94,1,40,Default Supplier
889,2025-06-27,Burger,54,24,30,60,Default Supplier
890,2025-06-27,Juice,73,22,51,30,Default Supplier
891,2025-06-28,Coffee,90,31,59,20,Default Supplier
892,2025-06-28,Tea,147,131,16,15,Default Supplier
893,2025-06-28,Sandwich,144,50,94,40,Default Supplier
894,2025-06-28,Burger,121,28,93,60,Default Supplier
895,2025-06-28,Juice,64,44,20,30,Default Supplier
896,2025-06-29,Coffee,84,28,56,20,Default Supplier
897,2025-06-29,Tea,75,28,47,15,Default Supplier
898,2025-06-29,Sandwich,103,74,29,40,Default Supplier
899,2025-06-29,Burger,83,76,7,60,Default Supplier
900,2025-06-29,Juice,147,37,110,30,Default Supplier
901,2025-06-30,Coffee,87,24,63,20,Default Supplier
902,2025-06-30,Tea,67,24,43,15,Default Supplier
903,2025-06-30,Sandwich,139,71,68,40,Default Supplier
904,2025-06-30,Burger,139,47,92,60,Default Supplier
905,2025-06-30,Juice,74,61,13,30,Default Supplier
