sale_id,date_of_sale,item_name,category,quantity_sold,unit_price,payment_mode,customer_type,total_amount
1,2025-01-01,Coffee,Beverage,21,30,Cash,Staff,630
2,2025-01-01,Tea,Beverage,6,25,Card,Student,150
3,2025-01-01,Sandwich,Snacks,23,50,UPI,Staff,1150
4,2025-01-01,Burger,Snacks,28,70,Card,Student,1960
5,2025-01-01,Juice,Beverage,10,40,Card,Student,400
6,2025-01-02,Coffee,Beverage,20,30,Card,Student,600
7,2025-01-02,Tea,Beverage,16,25,Card,Student,400
8,2025-01-02,Sandwich,Snacks,7,50,UPI,Staff,350
9,2025-01-02,Burger,Snacks,24,70,Card,Staff,1680
10,2025-01-02,Juice,Beverage,27,40,UPI,Student,1080
11,2025-01-03,Coffee,Beverage,28,30,Card,Staff,840
12,2025-01-03,Tea,Beverage,8,25,Card,Staff,200
13,2025-01-03,Sandwich,Snacks,6,50,UPI,Staff,300
14,2025-01-03,Burger,Snacks,7,70,Card,Staff,490
15,2025-01-03,Juice,Beverage,16,40,Card,Staff,640
16,2025-01-04,Coffee,Beverage,10,30,Cash,Student,300
17,2025-01-04,Tea,Beverage,6,25,Cash,Staff,150
18,2025-01-04,Sandwich,Snacks,9,50,Cash,Student,450
19,2025-01-04,Burger,Snacks,20,70,UPI,Staff,1400
20,2025-01-04,Juice,Beverage,23,40,Card,Student,920
21,2025-01-05,Coffee,Beverage,9,30,UPI,Student,270
22,2025-01-05,Tea,Beverage,20,25,UPI,Student,500
23,2025-01-05,Sandwich,Snacks,11,50,Cash,Staff,550
24,2025-01-05,Burger,Snacks,5,70,Cash,Staff,350
25,2025-01-05,Juice,Beverage,29,40,Card,Staff,1160
26,2025-01-06,Coffee,Beverage,26,30,UPI,Student,780
27,2025-01-06,Tea,Beverage,8,25,Cash,Staff,200
28,2025-01-06,Sandwich,Snacks,23,50,Card,Student,1150
29,2025-01-06,Burger,Snacks,24,70,UPI,Student,1680
30,2025-01-06,Juice,Beverage,6,40,Cash,Staff,240
31,2025-01-07,Coffee,Beverage,13,30,Cash,Staff,390
32,2025-01-07,Tea,Beverage,19,25,Card,Student,475
33,2025-01-07,Sandwich,Snacks,28,50,Card,Staff,1400
34,2025-01-07,Burger,Snacks,11,70,Cash,Staff,770
35,2025-01-07,Juice,Beverage,28,40,Cash,Staff,1120
36,2025-01-08,Coffee,Beverage,17,30,Cash,Staff,510
37,2025-01-08,Tea,Beverage,25,25,Card,Staff,625
38,2025-01-08,Sandwich,Snacks,20,50,Cash,Staff,1000
39,2025-01-08,Burger,Snacks,17,70,Cash,Staff,1190
40,2025-01-08,Juice,Beverage,10,40,Cash,Staff,400
41,2025-01-09,Coffee,Beverage,6,30,UPI,Staff,180
42,2025-01-09,Tea,Beverage,11,25,Cash,Student,275
43,2025-01-09,Sandwich,Snacks,16,50,Card,Staff,800
44,2025-01-09,Burger,Snacks,24,70,UPI,Staff,1680
45,2025-01-09,Juice,Beverage,26,40,Cash,Student,1040
46,2025-01-10,Coffee,Beverage,8,30,Cash,Staff,240
47,2025-01-10,Tea,Beverage,12,25,Card,Student,300
48,2025-01-10,Sandwich,Snacks,19,50,Card,Staff,950
49,2025-01-10,Burger,Snacks,7,70,Cash,Staff,490
50,2025-01-10,Juice,Beverage,6,40,Card,Student,240
51,2025-01-11,Coffee,Beverage,25,30,Cash,Student,750
52,2025-01-11,Tea,Beverage,15,25,Card,Student,375
53,2025-01-11,Sandwich,Snacks,21,50,Cash,Student,1050
54,2025-01-11,Burger,Snacks,7,70,UPI,Student,490
55,2025-01-11,Juice,Beverage,28,40,Card,Student,1120
56,2025-01-12,Coffee,Beverage,27,30,Card,Staff,810
57,2025-01-12,Tea,Beverage,24,25,Card,Staff,600
58,2025-01-12,Sandwich,Snacks,27,50,Card,Staff,1350
59,2025-01-12,Burger,Snacks,20,70,UPI,Staff,1400
60,2025-01-12,Juice,Beverage,13,40,UPI,Staff,520
61,2025-01-13,Coffee,Beverage,23,30,Cash,Student,690
62,2025-01-13,Tea,Beverage,17,25,Cash,Staff,425
63,2025-01-13,Sandwich,Snacks,8,50,UPI,Student,400
64,2025-01-13,Burger,Snacks,6,70,Card,Staff,420
65,2025-01-13,Juice,Beverage,14,40,Cash,Student,560
66,2025-01-14,Coffee,Beverage,27,30,Card,Staff,810
67,2025-01-14,Tea,Beverage,8,25,UPI,Student,200
68,2025-01-14,Sandwich,Snacks,22,50,UPI,Student,1100
69,2025-01-14,Burger,Snacks,10,70,Cash,Student,700
70,2025-01-14,Juice,Beverage,17,40,UPI,Student,680
71,2025-01-15,Coffee,Beverage,11,30,Cash,Staff,330
72,2025-01-15,Tea,Beverage,15,25,Cash,Staff,375
73,2025-01-15,Sandwich,Snacks,11,50,UPI,Staff,550
74,2025-01-15,Burger,Snacks,13,70,UPI,Staff,910
75,2025-01-15,Juice,Beverage,17,40,Cash,Student,680
76,2025-01-16,Coffee,Beverage,11,30,Cash,Staff,330
77,2025-01-16,Tea,Beverage,22,25,Card,Student,550
78,2025-01-16,Sandwich,Snacks,29,50,Cash,Staff,1450
79,2025-01-16,Burger,Snacks,9,70,UPI,Student,630
80,2025-01-16,Juice,Beverage,9,40,Cash,Staff,360
81,2025-01-17,Coffee,Beverage,25,30,UPI,Staff,750
82,2025-01-17,Tea,Beverage,29,25,Card,Student,725
83,2025-01-17,Sandwich,Snacks,11,50,Card,Staff,550
84,2025-01-17,Burger,Snacks,17,70,Cash,Staff,1190
85,2025-01-17,Juice,Beverage,29,40,UPI,Staff,1160
86,2025-01-18,Coffee,Beverage,17,30,Card,Staff,510
87,2025-01-18,Tea,Beverage,17,25,UPI,Staff,425
88,2025-01-18,Sandwich,Snacks,7,50,UPI,Staff,350
89,2025-01-18,Burger,Snacks,15,70,Card,Staff,1050
90,2025-01-18,Juice,Beverage,17,40,Cash,Student,680
91,2025-01-19,Coffee,Beverage,25,30,Cash,Student,750
92,2025-01-19,Tea,Beverage,21,25,Cash,Staff,525
93,2025-01-19,Sandwich,Snacks,27,50,Cash,Student,1350
94,2025-01-19,Burger,Snacks,28,70,Card,Staff,1960
95,2025-01-19,Juice,Beverage,25,40,Card,Student,1000
96,2025-01-20,Coffee,Beverage,13,30,UPI,Student,390
97,2025-01-20,Tea,Beverage,14,25,UPI,Student,350
98,2025-01-20,Sandwich,Snacks,15,50,UPI,Student,750
99,2025-01-20,Burger,Snacks,28,70,UPI,Staff,1960
100,2025-01-20,Juice,Beverage,27,40,Card,Student,1080
101,2025-01-21,Coffee,Beverage,7,30,Card,Staff,210
102,2025-01-21,Tea,Beverage,15,25,Cash,Student,375
103,2025-01-21,Sandwich,Snacks,25,50,Cash,Student,1250
104,2025-01-21,Burger,Snacks,11,70,Card,Staff,770
105,2025-01-21,Juice,Beverage,24,40,Card,Staff,960
106,2025-01-22,Coffee,Beverage,15,30,UPI,Staff,450
107,2025-01-22,Tea,Beverage,24,25,Card,Staff,600
108,2025-01-22,Sandwich,Snacks,16,50,UPI,Staff,800
109,2025-01-22,Burger,Snacks,25,70,UPI,Staff,1750
110,2025-01-22,Juice,Beverage,24,40,UPI,Staff,960
111,2025-01-23,Coffee,Beverage,11,30,UPI,Staff,330
112,2025-01-23,Tea,Beverage,19,25,UPI,Student,475
113,2025-01-23,Sandwich,Snacks,11,50,Card,Staff,550
114,2025-01-23,Burger,Snacks,24,70,UPI,Student,1680
115,2025-01-23,Juice,Beverage,14,40,Cash,Staff,560
116,2025-01-24,Coffee,Beverage,24,30,UPI,Student,720
117,2025-01-24,Tea,Beverage,10,25,Cash,Student,250
118,2025-01-24,Sandwich,Snacks,5,50,Card,Staff,250
119,2025-01-24,Burger,Snacks,23,70,Cash,Student,1610
120,2025-01-24,Juice,Beverage,21,40,Cash,Staff,840
121,2025-01-25,Coffee,Beverage,15,30,UPI,Student,450
122,2025-01-25,Tea,Beverage,12,25,Cash,Staff,300
123,2025-01-25,Sandwich,Snacks,11,50,Cash,Student,550
124,2025-01-25,Burger,Snacks,25,70,Cash,Student,1750
125,2025-01-25,Juice,Beverage,19,40,UPI,Student,760
126,2025-01-26,Coffee,Beverage,27,30,Card,Staff,810
127,2025-01-26,Tea,Beverage,12,25,Cash,Student,300
128,2025-01-26,Sandwich,Snacks,20,50,UPI,Student,1000
129,2025-01-26,Burger,Snacks,28,70,UPI,Staff,1960
130,2025-01-26,Juice,Beverage,15,40,Card,Staff,600
131,2025-01-27,Coffee,Beverage,27,30,Cash,Staff,810
132,2025-01-27,Tea,Beverage,26,25,Cash,Staff,650
133,2025-01-27,Sandwich,Snacks,22,50,UPI,Student,1100
134,2025-01-27,Burger,Snacks,10,70,UPI,Staff,700
135,2025-01-27,Juice,Beverage,22,40,UPI,Staff,880
136,2025-01-28,Coffee,Beverage,19,30,UPI,Staff,570
137,2025-01-28,Tea,Beverage,5,25,UPI,Staff,125
138,2025-01-28,Sandwich,Snacks,11,50,UPI,Student,550
139,2025-01-28,Burger,Snacks,26,70,UPI,Staff,1820
140,2025-01-28,Juice,Beverage,8,40,Card,Staff,320
141,2025-01-29,Coffee,Beverage,5,30,Cash,Staff,150
142,2025-01-29,Tea,Beverage,28,25,Cash,Student,700
143,2025-01-29,Sandwich,Snacks,19,50,UPI,Student,950
144,2025-01-29,Burger,Snacks,14,70,Card,Student,980
145,2025-01-29,Juice,Beverage,8,40,Card,Student,320
146,2025-01-30,Coffee,Beverage,13,30,UPI,Staff,390
147,2025-01-30,Tea,Beverage,17,25,UPI,Student,425
148,2025-01-30,Sandwich,Snacks,12,50,Card,Staff,600
149,2025-01-30,Burger,Snacks,15,70,Card,Student,1050
150,2025-01-30,Juice,Beverage,22,40,Cash,Student,880
151,2025-01-31,Coffee,Beverage,23,30,Card,Student,690
152,2025-01-31,Tea,Beverage,9,25,Cash,Staff,225
153,2025-01-31,Sandwich,Snacks,19,50,Cash,Staff,950
154,2025-01-31,Burger,Snacks,9,70,UPI,Staff,630
155,2025-01-31,Juice,Beverage,29,40,Card,Student,1160
156,2025-02-01,Coffee,Beverage,16,30,Cash,Student,480
157,2025-02-01,Tea,Beverage,9,25,Cash,Staff,225
158,2025-02-01,Sandwich,Snacks,5,50,Cash,Staff,250
159,2025-02-01,Burger,Snacks,17,70,Card,Student,1190
160,2025-02-01,Juice,Beverage,20,40,Cash,Staff,800
161,2025-02-02,Coffee,Beverage,20,30,UPI,Staff,600
162,2025-02-02,Tea,Beverage,14,25,Cash,Staff,350
163,2025-02-02,Sandwich,Snacks,10,50,Card,Staff,500
164,2025-02-02,Burger,Snacks,27,70,Cash,Student,1890
165,2025-02-02,Juice,Beverage,7,40,UPI,Staff,280
166,2025-02-03,Coffee,Beverage,10,30,Card,Student,300
167,2025-02-03,Tea,Beverage,7,25,UPI,Staff,175
168,2025-02-03,Sandwich,Snacks,29,50,UPI,Student,1450
169,2025-02-03,Burger,Snacks,10,70,Cash,Student,700
170,2025-02-03,Juice,Beverage,21,40,Cash,Staff,840
171,2025-02-04,Coffee,Beverage,18,30,UPI,Student,540
172,2025-02-04,Tea,Beverage,7,25,Cash,Student,175
173,2025-02-04,Sandwich,Snacks,16,50,UPI,Student,800
174,2025-02-04,Burger,Snacks,11,70,UPI,Student,770
175,2025-02-04,Juice,Beverage,17,40,UPI,Staff,680
176,2025-02-05,Coffee,Beverage,29,30,Card,Student,870
177,2025-02-05,Tea,Beverage,15,25,Cash,Student,375
178,2025-02-05,Sandwich,Snacks,26,50,Card,Staff,1300
179,2025-02-05,Burger,Snacks,25,70,UPI,Student,1750
180,2025-02-05,Juice,Beverage,9,40,Card,Student,360
181,2025-02-06,Coffee,Beverage,15,30,Cash,Staff,450
182,2025-02-06,Tea,Beverage,21,25,Card,Student,525
183,2025-02-06,Sandwich,Snacks,7,50,UPI,Student,350
184,2025-02-06,Burger,Snacks,26,70,Cash,Staff,1820
185,2025-02-06,Juice,Beverage,8,40,UPI,Staff,320
186,2025-02-07,Coffee,Beverage,16,30,UPI,Staff,480
187,2025-02-07,Tea,Beverage,26,25,Cash,Staff,650
188,2025-02-07,Sandwich,Snacks,20,50,Card,Staff,1000
189,2025-02-07,Burger,Snacks,12,70,Cash,Staff,840
190,2025-02-07,Juice,Beverage,20,40,Card,Staff,800
191,2025-02-08,Coffee,Beverage,27,30,Card,Student,810
192,2025-02-08,Tea,Beverage,13,25,Card,Student,325
193,2025-02-08,Sandwich,Snacks,5,50,UPI,Staff,250
194,2025-02-08,Burger,Snacks,20,70,UPI,Student,1400
195,2025-02-08,Juice,Beverage,22,40,Card,Student,880
196,2025-02-09,Coffee,Beverage,24,30,Cash,Staff,720
197,2025-02-09,Tea,Beverage,26,25,UPI,Staff,650
198,2025-02-09,Sandwich,Snacks,7,50,Cash,Student,350
199,2025-02-09,Burger,Snacks,29,70,Cash,Student,2030
200,2025-02-09,Juice,Beverage,25,40,UPI,Staff,1000
201,2025-02-10,Coffee,Beverage,23,30,Card,Staff,690
202,2025-02-10,Tea,Beverage,21,25,UPI,Student,525
203,2025-02-10,Sandwich,Snacks,21,50,Card,Student,1050
204,2025-02-10,Burger,Snacks,9,70,Cash,Student,630
205,2025-02-10,Juice,Beverage,22,40,UPI,Staff,880
206,2025-02-11,Coffee,Beverage,5,30,Cash,Student,150
207,2025-02-11,Tea,Beverage,21,25,UPI,Student,525
208,2025-02-11,Sandwich,Snacks,8,50,Card,Staff,400
209,2025-02-11,Burger,Snacks,5,70,Card,Staff,350
210,2025-02-11,Juice,Beverage,16,40,Cash,Staff,640
211,2025-02-12,Coffee,Beverage,23,30,UPI,Staff,690
212,2025-02-12,Tea,Beverage,29,25,Card,Staff,725
213,2025-02-12,Sandwich,Snacks,12,50,Cash,Student,600
214,2025-02-12,Burger,Snacks,26,70,Card,Staff,1820
215,2025-02-12,Juice,Beverage,19,40,Cash,Student,760
216,2025-02-13,Coffee,Beverage,5,30,Card,Staff,150
217,2025-02-13,Tea,Beverage,11,25,Cash,Student,275
218,2025-02-13,Sandwich,Snacks,10,50,Card,Student,500
219,2025-02-13,Burger,Snacks,22,70,UPI,Staff,1540
220,2025-02-13,Juice,Beverage,18,40,Card,Student,720
221,2025-02-14,Coffee,Beverage,5,30,UPI,Staff,150
222,2025-02-14,Tea,Beverage,29,25,Cash,Student,725
223,2025-02-14,Sandwich,Snacks,14,50,Cash,Student,700
224,2025-02-14,Burger,Snacks,16,70,UPI,Staff,1120
225,2025-02-14,Juice,Beverage,16,40,Cash,Student,640
226,2025-02-15,Coffee,Beverage,14,30,Card,Student,420
227,2025-02-15,Tea,Beverage,12,25,Card,Student,300
228,2025-02-15,Sandwich,Snacks,18,50,Cash,Staff,900
229,2025-02-15,Burger,Snacks,7,70,Cash,Staff,490
230,2025-02-15,Juice,Beverage,18,40,UPI,Student,720
231,2025-02-16,Coffee,Beverage,10,30,Card,Staff,300
232,2025-02-16,Tea,Beverage,6,25,Card,Student,150
233,2025-02-16,Sandwich,Snacks,11,50,UPI,Staff,550
234,2025-02-16,Burger,Snacks,27,70,Card,Student,1890
235,2025-02-16,Juice,Beverage,28,40,Card,Staff,1120
236,2025-02-17,Coffee,Beverage,27,30,Cash,Student,810
237,2025-02-17,Tea,Beverage,10,25,Card,Staff,250
238,2025-02-17,Sandwich,Snacks,20,50,UPI,Student,1000
239,2025-02-17,Burger,Snacks,18,70,Cash,Student,1260
240,2025-02-17,Juice,Beverage,29,40,Card,Staff,1160
241,2025-02-18,Coffee,Beverage,12,30,Card,Student,360
242,2025-02-18,Tea,Beverage,19,25,Card,Staff,475
243,2025-02-18,Sandwich,Snacks,20,50,Cash,Staff,1000
244,2025-02-18,Burger,Snacks,29,70,UPI,Student,2030
245,2025-02-18,Juice,Beverage,17,40,Card,Student,680
246,2025-02-19,Coffee,Beverage,12,30,Cash,Student,360
247,2025-02-19,Tea,Beverage,15,25,UPI,Student,375
248,2025-02-19,Sandwich,Snacks,15,50,UPI,Student,750
249,2025-02-19,Burger,Snacks,17,70,Card,Staff,1190
250,2025-02-19,Juice,Beverage,11,40,UPI,Staff,440
251,2025-02-20,Coffee,Beverage,15,30,Card,Staff,450
252,2025-02-20,Tea,Beverage,17,25,UPI,Staff,425
253,2025-02-20,Sandwich,Snacks,18,50,Card,Student,900
254,2025-02-20,Burger,Snacks,19,70,UPI,Student,1330
255,2025-02-20,Juice,Beverage,28,40,Cash,Staff,1120
256,2025-02-21,Coffee,Beverage,11,30,Card,Student,330
257,2025-02-21,Tea,Beverage,10,25,UPI,Staff,250
258,2025-02-21,Sandwich,Snacks,24,50,Card,Student,1200
259,2025-02-21,Burger,Snacks,14,70,UPI,Staff,980
260,2025-02-21,Juice,Beverage,16,40,UPI,Student,640
261,2025-02-22,Coffee,Beverage,16,30,Card,Student,480
262,2025-02-22,Tea,Beverage,21,25,UPI,Student,525
263,2025-02-22,Sandwich,Snacks,23,50,UPI,Staff,1150
264,2025-02-22,Burger,Snacks,16,70,Card,Student,1120
265,2025-02-22,Juice,Beverage,13,40,UPI,Staff,520
266,2025-02-23,Coffee,Beverage,25,30,Card,Student,750
267,2025-02-23,Tea,Beverage,16,25,UPI,Staff,400
268,2025-02-23,Sandwich,Snacks,17,50,Cash,Student,850
269,2025-02-23,Burger,Snacks,8,70,Cash,Staff,560
270,2025-02-23,Juice,Beverage,14,40,Cash,Staff,560
271,2025-02-24,Coffee,Beverage,10,30,Cash,Student,300
272,2025-02-24,Tea,Beverage,16,25,Cash,Staff,400
273,2025-02-24,Sandwich,Snacks,24,50,Cash,Student,1200
274,2025-02-24,Burger,Snacks,5,70,Cash,Student,350
275,2025-02-24,Juice,Beverage,7,40,Cash,Student,280
276,2025-02-25,Coffee,Beverage,20,30,Card,Student,600
277,2025-02-25,Tea,Beverage,23,25,Card,Student,575
278,2025-02-25,Sandwich,Snacks,9,50,Card,Student,450
279,2025-02-25,Burger,Snacks,29,70,Cash,Student,2030
280,2025-02-25,Juice,Beverage,9,40,Cash,Staff,360
281,2025-02-26,Coffee,Beverage,23,30,UPI,Staff,690
282,2025-02-26,Tea,Beverage,22,25,Card,Staff,550
283,2025-02-26,Sandwich,Snacks,27,50,Card,Staff,1350
284,2025-02-26,Burger,Snacks,17,70,UPI,Student,1190
285,2025-02-26,Juice,Beverage,10,40,Cash,Staff,400
286,2025-02-27,Coffee,Beverage,18,30,Card,Student,540
287,2025-02-27,Tea,Beverage,29,25,Card,Staff,725
288,2025-02-27,Sandwich,Snacks,9,50,Card,Staff,450
289,2025-02-27,Burger,Snacks,12,70,UPI,Student,840
290,2025-02-27,Juice,Beverage,27,40,Cash,Student,1080
291,2025-02-28,Coffee,Beverage,14,30,Card,Staff,420
292,2025-02-28,Tea,Beverage,7,25,Cash,Student,175
293,2025-02-28,Sandwich,Snacks,13,50,UPI,Staff,650
294,2025-02-28,Burger,Snacks,17,70,Cash,Student,1190
295,2025-02-28,Juice,Beverage,28,40,Card,Student,1120
296,2025-03-01,Coffee,Beverage,23,30,Card,Staff,690
297,2025-03-01,Tea,Beverage,9,25,Cash,Student,225
298,2025-03-01,Sandwich,Snacks,9,50,Card,Staff,450
299,2025-03-01,Burger,Snacks,6,70,UPI,Student,420
300,2025-03-01,Juice,Beverage,25,40,Card,Student,1000
301,2025-03-02,Coffee,Beverage,10,30,UPI,Student,300
302,2025-03-02,Tea,Beverage,8,25,UPI,Student,200
303,2025-03-02,Sandwich,Snacks,11,50,Card,Student,550
304,2025-03-02,Burger,Snacks,10,70,Cash,Staff,700
305,2025-03-02,Juice,Beverage,28,40,Card,Student,1120
306,2025-03-03,Coffee,Beverage,12,30,Cash,Staff,360
307,2025-03-03,Tea,Beverage,11,25,Card,Staff,275
308,2025-03-03,Sandwich,Snacks,19,50,UPI,Student,950
309,2025-03-03,Burger,Snacks,21,70,UPI,Student,1470
310,2025-03-03,Juice,Beverage,6,40,UPI,Student,240
311,2025-03-04,Coffee,Beverage,20,30,Cash,Student,600
312,2025-03-04,Tea,Beverage,29,25,UPI,Student,725
313,2025-03-04,Sandwich,Snacks,19,50,UPI,Student,950
314,2025-03-04,Burger,Snacks,23,70,Card,Staff,1610
315,2025-03-04,Juice,Beverage,17,40,Card,Staff,680
316,2025-03-05,Coffee,Beverage,27,30,UPI,Staff,810
317,2025-03-05,Tea,Beverage,9,25,UPI,Student,225
318,2025-03-05,Sandwich,Snacks,6,50,Card,Staff,300
319,2025-03-05,Burger,Snacks,9,70,Card,Staff,630
320,2025-03-05,Juice,Beverage,23,40,Cash,Staff,920
321,2025-03-06,Coffee,Beverage,15,30,UPI,Student,450
322,2025-03-06,Tea,Beverage,9,25,Cash,Staff,225
323,2025-03-06,Sandwich,Snacks,13,50,Card,Student,650
324,2025-03-06,Burger,Snacks,13,70,Card,Staff,910
325,2025-03-06,Juice,Beverage,26,40,Card,Staff,1040
326,2025-03-07,Coffee,Beverage,22,30,Cash,Student,660
327,2025-03-07,Tea,Beverage,9,25,Cash,Student,225
328,2025-03-07,Sandwich,Snacks,16,50,Cash,Staff,800
329,2025-03-07,Burger,Snacks,19,70,Card,Student,1330
330,2025-03-07,Juice,Beverage,5,40,UPI,Staff,200
331,2025-03-08,Coffee,Beverage,23,30,Cash,Staff,690
332,2025-03-08,Tea,Beverage,21,25,UPI,Staff,525
333,2025-03-08,Sandwich,Snacks,22,50,Card,Staff,1100
334,2025-03-08,Burger,Snacks,25,70,UPI,Staff,1750
335,2025-03-08,Juice,Beverage,20,40,UPI,Student,800
336,2025-03-09,Coffee,Beverage,14,30,Card,Student,420
337,2025-03-09,Tea,Beverage,7,25,UPI,Student,175
338,2025-03-09,Sandwich,Snacks,27,50,UPI,Student,1350
339,2025-03-09,Burger,Snacks,5,70,Cash,Staff,350
340,2025-03-09,Juice,Beverage,18,40,Cash,Student,720
341,2025-03-10,Coffee,Beverage,7,30,UPI,Staff,210
342,2025-03-10,Tea,Beverage,24,25,Cash,Student,600
343,2025-03-10,Sandwich,Snacks,12,50,UPI,Student,600
344,2025-03-10,Burger,Snacks,22,70,Cash,Student,1540
345,2025-03-10,Juice,Beverage,20,40,UPI,Staff,800
346,2025-03-11,Coffee,Beverage,28,30,Cash,Student,840
347,2025-03-11,Tea,Beverage,5,25,Card,Staff,125
348,2025-03-11,Sandwich,Snacks,27,50,UPI,Student,1350
349,2025-03-11,Burger,Snacks,28,70,Cash,Staff,1960
350,2025-03-11,Juice,Beverage,9,40,Card,Staff,360
351,2025-03-12,Coffee,Beverage,9,30,Card,Staff,270
352,2025-03-12,Tea,Beverage,18,25,Card,Student,450
353,2025-03-12,Sandwich,Snacks,18,50,Card,Student,900
354,2025-03-12,Burger,Snacks,15,70,Cash,Staff,1050
355,2025-03-12,Juice,Beverage,25,40,UPI,Staff,1000
356,2025-03-13,Coffee,Beverage,11,30,Cash,Student,330
357,2025-03-13,Tea,Beverage,29,25,Card,Student,725
358,2025-03-13,Sandwich,Snacks,13,50,Card,Staff,650
359,2025-03-13,Burger,Snacks,21,70,Card,Student,1470
360,2025-03-13,Juice,Beverage,23,40,Card,Student,920
361,2025-03-14,Coffee,Beverage,14,30,Cash,Student,420
362,2025-03-14,Tea,Beverage,28,25,Cash,Student,700
363,2025-03-14,Sandwich,Snacks,20,50,Cash,Staff,1000
364,2025-03-14,Burger,Snacks,8,70,UPI,Staff,560
365,2025-03-14,Juice,Beverage,12,40,Card,Student,480
366,2025-03-15,Coffee,Beverage,29,30,Card,Staff,870
367,2025-03-15,Tea,Beverage,14,25,Cash,Student,350
368,2025-03-15,Sandwich,Snacks,13,50,UPI,Staff,650
369,2025-03-15,Burger,Snacks,5,70,Cash,Staff,350
370,2025-03-15,Juice,Beverage,23,40,Card,Student,920
371,2025-03-16,Coffee,Beverage,12,30,Cash,Staff,360
372,2025-03-16,Tea,Beverage,6,25,Cash,Student,150
373,2025-03-16,Sandwich,Snacks,10,50,Card,Staff,500
374,2025-03-16,Burger,Snacks,6,70,Cash,Staff,420
375,2025-03-16,Juice,Beverage,19,40,UPI,Student,760
376,2025-03-17,Coffee,Beverage,10,30,Card,Student,300
377,2025-03-17,Tea,Beverage,14,25,Card,Staff,350
378,2025-03-17,Sandwich,Snacks,18,50,UPI,Student,900
379,2025-03-17,Burger,Snacks,18,70,Card,Staff,1260
380,2025-03-17,Juice,Beverage,10,40,Card,Student,400
381,2025-03-18,Coffee,Beverage,28,30,Card,Staff,840
382,2025-03-18,Tea,Beverage,8,25,Card,Staff,200
383,2025-03-18,Sandwich,Snacks,10,50,Cash,Student,500
384,2025-03-18,Burger,Snacks,27,70,Cash,Student,1890
385,2025-03-18,Juice,Beverage,22,40,Card,Staff,880
386,2025-03-19,Coffee,Beverage,18,30,Cash,Staff,540
387,2025-03-19,Tea,Beverage,19,25,Cash,Student,475
388,2025-03-19,Sandwich,Snacks,22,50,Card,Staff,1100
389,2025-03-19,Burger,Snacks,26,70,UPI,Staff,1820
390,2025-03-19,Juice,Beverage,20,40,UPI,Student,800
391,2025-03-20,Coffee,Beverage,25,30,UPI,Student,750
392,2025-03-20,Tea,Beverage,13,25,UPI,Staff,325
393,2025-03-20,Sandwich,Snacks,12,50,Card,Staff,600
394,2025-03-20,Burger,Snacks,23,70,UPI,Student,1610
395,2025-03-20,Juice,Beverage,8,40,Card,Staff,320
396,2025-03-21,Coffee,Beverage,20,30,UPI,Student,600
397,2025-03-21,Tea,Beverage,17,25,Card,Staff,425
398,2025-03-21,Sandwich,Snacks,8,50,Cash,Student,400
399,2025-03-21,Burger,Snacks,25,70,Card,Staff,1750
400,2025-03-21,Juice,Beverage,14,40,UPI,Staff,560
401,2025-03-22,Coffee,Beverage,12,30,Card,Student,360
402,2025-03-22,Tea,Beverage,5,25,UPI,Student,125
403,2025-03-22,Sandwich,Snacks,6,50,Cash,Staff,300
404,2025-03-22,Burger,Snacks,12,70,UPI,Student,840
405,2025-03-22,Juice,Beverage,5,40,UPI,Staff,200
406,2025-03-23,Coffee,Beverage,10,30,UPI,Student,300
407,2025-03-23,Tea,Beverage,6,25,UPI,Staff,150
408,2025-03-23,Sandwich,Snacks,13,50,UPI,Staff,650
409,2025-03-23,Burger,Snacks,25,70,Cash,Staff,1750
410,2025-03-23,Juice,Beverage,27,40,UPI,Staff,1080
411,2025-03-24,Coffee,Beverage,8,30,Card,Staff,240
412,2025-03-24,Tea,Beverage,10,25,UPI,Staff,250
413,2025-03-24,Sandwich,Snacks,9,50,Card,Staff,450
414,2025-03-24,Burger,Snacks,27,70,UPI,Student,1890
415,2025-03-24,Juice,Beverage,28,40,Cash,Student,1120
416,2025-03-25,Coffee,Beverage,24,30,Card,Student,720
417,2025-03-25,Tea,Beverage,21,25,Cash,Staff,525
418,2025-03-25,Sandwich,Snacks,14,50,Cash,Student,700
419,2025-03-25,Burger,Snacks,20,70,UPI,Student,1400
420,2025-03-25,Juice,Beverage,16,40,UPI,Staff,640
421,2025-03-26,Coffee,Beverage,18,30,UPI,Student,540
422,2025-03-26,Tea,Beverage,29,25,Card,Student,725
423,2025-03-26,Sandwich,Snacks,7,50,Card,Staff,350
424,2025-03-26,Burger,Snacks,22,70,Cash,Staff,1540
425,2025-03-26,Juice,Beverage,8,40,UPI,Staff,320
426,2025-03-27,Coffee,Beverage,24,30,Cash,Student,720
427,2025-03-27,Tea,Beverage,19,25,Cash,Student,475
428,2025-03-27,Sandwich,Snacks,11,50,Card,Student,550
429,2025-03-27,Burger,Snacks,18,70,UPI,Staff,1260
430,2025-03-27,Juice,Beverage,22,40,Card,Student,880
431,2025-03-28,Coffee,Beverage,27,30,UPI,Staff,810
432,2025-03-28,Tea,Beverage,11,25,Cash,Student,275
433,2025-03-28,Sandwich,Snacks,27,50,Card,Staff,1350
434,2025-03-28,Burger,Snacks,28,70,Cash,Staff,1960
435,2025-03-28,Juice,Beverage,14,40,UPI,Student,560
436,2025-03-29,Coffee,Beverage,13,30,Card,Student,390
437,2025-03-29,Tea,Beverage,27,25,Card,Staff,675
438,2025-03-29,Sandwich,Snacks,5,50,Cash,Student,250
439,2025-03-29,Burger,Snacks,7,70,Card,Staff,490
440,2025-03-29,Juice,Beverage,24,40,Card,Student,960
441,2025-03-30,Coffee,Beverage,13,30,Card,Student,390
442,2025-03-30,Tea,Beverage,28,25,Card,Staff,700
443,2025-03-30,Sandwich,Snacks,14,50,Card,Staff,700
444,2025-03-30,Burger,Snacks,26,70,Cash,Student,1820
445,2025-03-30,Juice,Beverage,17,40,Cash,Staff,680
446,2025-03-31,Coffee,Beverage,28,30,UPI,Student,840
447,2025-03-31,Tea,Beverage,13,25,Card,Staff,325
448,2025-03-31,Sandwich,Snacks,22,50,Cash,Staff,1100
449,2025-03-31,Burger,Snacks,28,70,UPI,Student,1960
450,2025-03-31,Juice,Beverage,5,40,UPI,Staff,200
451,2025-04-01,Coffee,Beverage,13,30,Card,Staff,390
452,2025-04-01,Tea,Beverage,25,25,UPI,Staff,625
453,2025-04-01,Sandwich,Snacks,14,50,Cash,Student,700
454,2025-04-01,Burger,Snacks,18,70,UPI,Staff,1260
455,2025-04-01,Juice,Beverage,25,40,Card,Staff,1000
456,2025-04-02,Coffee,Beverage,13,30,Card,Student,390
457,2025-04-02,Tea,Beverage,7,25,Cash,Student,175
458,2025-04-02,Sandwich,Snacks,16,50,Cash,Staff,800
459,2025-04-02,Burger,Snacks,29,70,Card,Student,2030
460,2025-04-02,Juice,Beverage,17,40,UPI,Staff,680
461,2025-04-03,Coffee,Beverage,19,30,UPI,Student,570
462,2025-04-03,Tea,Beverage,10,25,Card,Staff,250
463,2025-04-03,Sandwich,Snacks,8,50,Card,Staff,400
464,2025-04-03,Burger,Snacks,18,70,UPI,Staff,1260
465,2025-04-03,Juice,Beverage,11,40,UPI,Staff,440
466,2025-04-04,Coffee,Beverage,19,30,UPI,Student,570
467,2025-04-04,Tea,Beverage,26,25,UPI,Staff,650
468,2025-04-04,Sandwich,Snacks,12,50,UPI,Staff,600
469,2025-04-04,Burger,Snacks,5,70,Cash,Staff,350
470,2025-04-04,Juice,Beverage,12,40,Cash,Student,480
471,2025-04-05,Coffee,Beverage,24,30,Cash,Staff,720
472,2025-04-05,Tea,Beverage,6,25,Cash,Student,150
473,2025-04-05,Sandwich,Snacks,25,50,Cash,Student,1250
474,2025-04-05,Burger,Snacks,14,70,Card,Staff,980
475,2025-04-05,Juice,Beverage,9,40,Card,Staff,360
476,2025-04-06,Coffee,Beverage,10,30,UPI,Student,300
477,2025-04-06,Tea,Beverage,27,25,Card,Staff,675
478,2025-04-06,Sandwich,Snacks,25,50,Card,Staff,1250
479,2025-04-06,Burger,Snacks,14,70,UPI,Student,980
480,2025-04-06,Juice,Beverage,23,40,Cash,Student,920
481,2025-04-07,Coffee,Beverage,13,30,Card,Student,390
482,2025-04-07,Tea,Beverage,23,25,Cash,Student,575
483,2025-04-07,Sandwich,Snacks,21,50,Cash,Staff,1050
484,2025-04-07,Burger,Snacks,25,70,Card,Student,1750
485,2025-04-07,Juice,Beverage,23,40,Card,Student,920
486,2025-04-08,Coffee,Beverage,23,30,Card,Student,690
487,2025-04-08,Tea,Beverage,20,25,UPI,Staff,500
488,2025-04-08,Sandwich,Snacks,27,50,Cash,Student,1350
489,2025-04-08,Burger,Snacks,24,70,Card,Staff,1680
490,2025-04-08,Juice,Beverage,13,40,Card,Student,520
491,2025-04-09,Coffee,Beverage,6,30,Card,Staff,180
492,2025-04-09,Tea,Beverage,6,25,Cash,Staff,150
493,2025-04-09,Sandwich,Snacks,25,50,Card,Student,1250
494,2025-04-09,Burger,Snacks,10,70,Cash,Student,700
495,2025-04-09,Juice,Beverage,23,40,Cash,Student,920
496,2025-04-10,Coffee,Beverage,5,30,UPI,Student,150
497,2025-04-10,Tea,Beverage,13,25,UPI,Student,325
498,2025-04-10,Sandwich,Snacks,20,50,UPI,Staff,1000
499,2025-04-10,Burger,Snacks,6,70,Card,Student,420
500,2025-04-10,Juice,Beverage,27,40,UPI,Student,1080
501,2025-04-11,Coffee,Beverage,9,30,Cash,Staff,270
502,2025-04-11,Tea,Beverage,14,25,Card,Staff,350
503,2025-04-11,Sandwich,Snacks,17,50,UPI,Student,850
504,2025-04-11,Burger,Snacks,24,70,UPI,Student,1680
505,2025-04-11,Juice,Beverage,27,40,Card,Student,1080
506,2025-04-12,Coffee,Beverage,24,30,UPI,Student,720
507,2025-04-12,Tea,Beverage,12,25,Card,Student,300
508,2025-04-12,Sandwich,Snacks,21,50,Cash,Student,1050
509,2025-04-12,Burger,Snacks,24,70,Card,Student,1680
510,2025-04-12,Juice,Beverage,6,40,UPI,Staff,240
511,2025-04-13,Coffee,Beverage,23,30,Cash,Staff,690
512,2025-04-13,Tea,Beverage,5,25,Card,Staff,125
513,2025-04-13,Sandwich,Snacks,5,50,Card,Student,250
514,2025-04-13,Burger,Snacks,17,70,Cash,Student,1190
515,2025-04-13,Juice,Beverage,22,40,Card,Student,880
516,2025-04-14,Coffee,Beverage,16,30,Cash,Staff,480
517,2025-04-14,Tea,Beverage,20,25,Cash,Staff,500
518,2025-04-14,Sandwich,Snacks,27,50,UPI,Student,1350
519,2025-04-14,Burger,Snacks,24,70,Card,Student,1680
520,2025-04-14,Juice,Beverage,24,40,Card,Student,960
521,2025-04-15,Coffee,Beverage,24,30,Cash,Student,720
522,2025-04-15,Tea,Beverage,10,25,Cash,Staff,250
523,2025-04-15,Sandwich,Snacks,16,50,UPI,Student,800
524,2025-04-15,Burger,Snacks,7,70,Card,Staff,490
525,2025-04-15,Juice,Beverage,19,40,Cash,Student,760
526,2025-04-16,Coffee,Beverage,27,30,Card,Staff,810
527,2025-04-16,Tea,Beverage,22,25,Cash,Staff,550
528,2025-04-16,Sandwich,Snacks,29,50,UPI,Student,1450
529,2025-04-16,Burger,Snacks,6,70,UPI,Student,420
530,2025-04-16,Juice,Beverage,20,40,Card,Student,800
531,2025-04-17,Coffee,Beverage,15,30,Cash,Student,450
532,2025-04-17,Tea,Beverage,20,25,Cash,Staff,500
533,2025-04-17,Sandwich,Snacks,13,50,Cash,Student,650
534,2025-04-17,Burger,Snacks,9,70,Cash,Student,630
535,2025-04-17,Juice,Beverage,8,40,Cash,Staff,320
536,2025-04-18,Coffee,Beverage,26,30,Card,Student,780
537,2025-04-18,Tea,Beverage,5,25,UPI,Staff,125
538,2025-04-18,Sandwich,Snacks,28,50,UPI,Staff,1400
539,2025-04-18,Burger,Snacks,16,70,Cash,Staff,1120
540,2025-04-18,Juice,Beverage,27,40,Cash,Student,1080
541,2025-04-19,Coffee,Beverage,15,30,Cash,Student,450
542,2025-04-19,Tea,Beverage,7,25,Cash,Staff,175
543,2025-04-19,Sandwich,Snacks,15,50,Card,Student,750
544,2025-04-19,Burger,Snacks,17,70,Card,Staff,1190
545,2025-04-19,Juice,Beverage,9,40,Card,Student,360
546,2025-04-20,Coffee,Beverage,18,30,Cash,Student,540
547,2025-04-20,Tea,Beverage,5,25,UPI,Student,125
548,2025-04-20,Sandwich,Snacks,16,50,UPI,Student,800
549,2025-04-20,Burger,Snacks,22,70,Card,Staff,1540
550,2025-04-20,Juice,Beverage,13,40,UPI,Student,520
551,2025-04-21,Coffee,Beverage,19,30,Card,Student,570
552,2025-04-21,Tea,Beverage,17,25,Card,Student,425
553,2025-04-21,Sandwich,Snacks,19,50,UPI,Student,950
554,2025-04-21,Burger,Snacks,7,70,Cash,Staff,490
555,2025-04-21,Juice,Beverage,17,40,UPI,Staff,680
556,2025-04-22,Coffee,Beverage,8,30,UPI,Student,240
557,2025-04-22,Tea,Beverage,18,25,Card,Staff,450
558,2025-04-22,Sandwich,Snacks,21,50,UPI,Student,1050
559,2025-04-22,Burger,Snacks,14,70,Cash,Staff,980
560,2025-04-22,Juice,Beverage,25,40,Card,Student,1000
561,2025-04-23,Coffee,Beverage,6,30,Card,Staff,180
562,2025-04-23,Tea,Beverage,23,25,Cash,Student,575
563,2025-04-23,Sandwich,Snacks,29,50,Card,Staff,1450
564,2025-04-23,Burger,Snacks,13,70,Card,Student,910
565,2025-04-23,Juice,Beverage,26,40,UPI,Staff,1040
566,2025-04-24,Coffee,Beverage,5,30,UPI,Staff,150
567,2025-04-24,Tea,Beverage,26,25,UPI,Student,650
568,2025-04-24,Sandwich,Snacks,11,50,UPI,Staff,550
569,2025-04-24,Burger,Snacks,15,70,Cash,Student,1050
570,2025-04-24,Juice,Beverage,28,40,Card,Staff,1120
571,2025-04-25,Coffee,Beverage,9,30,UPI,Staff,270
572,2025-04-25,Tea,Beverage,29,25,UPI,Student,725
573,2025-04-25,Sandwich,Snacks,6,50,Cash,Staff,300
574,2025-04-25,Burger,Snacks,6,70,UPI,Student,420
575,2025-04-25,Juice,Beverage,23,40,Cash,Student,920
576,2025-04-26,Coffee,Beverage,20,30,UPI,Staff,600
577,2025-04-26,Tea,Beverage,7,25,Card,Student,175
578,2025-04-26,Sandwich,Snacks,24,50,Card,Student,1200
579,2025-04-26,Burger,Snacks,13,70,UPI,Staff,910
580,2025-04-26,Juice,Beverage,25,40,Cash,Staff,1000
581,2025-04-27,Coffee,Beverage,29,30,Card,Staff,870
582,2025-04-27,Tea,Beverage,5,25,Card,Staff,125
583,2025-04-27,Sandwich,Snacks,15,50,Cash,Staff,750
584,2025-04-27,Burger,Snacks,5,70,UPI,Staff,350
585,2025-04-27,Juice,Beverage,22,40,UPI,Student,880
586,2025-04-28,Coffee,Beverage,11,30,UPI,Staff,330
587,2025-04-28,Tea,Beverage,11,25,Cash,Staff,275
588,2025-04-28,Sandwich,Snacks,18,50,UPI,Student,900
589,2025-04-28,Burger,Snacks,19,70,Card,Student,1330
590,2025-04-28,Juice,Beverage,6,40,Card,Student,240
591,2025-04-29,Coffee,Beverage,22,30,Card,Staff,660
592,2025-04-29,Tea,Beverage,22,25,Cash,Student,550
593,2025-04-29,Sandwich,Snacks,15,50,Card,Student,750
594,2025-04-29,Burger,Snacks,19,70,Cash,Staff,1330
595,2025-04-29,Juice,Beverage,14,40,UPI,Student,560
596,2025-04-30,Coffee,Beverage,17,30,Cash,Staff,510
597,2025-04-30,Tea,Beverage,10,25,Card,Student,250
598,2025-04-30,Sandwich,Snacks,7,50,Cash,Student,350
599,2025-04-30,Burger,Snacks,25,70,Cash,Student,1750
600,2025-04-30,Juice,Beverage,14,40,Cash,Staff,560
601,2025-05-01,Coffee,Beverage,9,30,Cash,Student,270
602,2025-05-01,Tea,Beverage,14,25,Card,Student,350
603,2025-05-01,Sandwich,Snacks,23,50,Cash,Staff,1150
604,2025-05-01,Burger,Snacks,23,70,Cash,Staff,1610
605,2025-05-01,Juice,Beverage,18,40,UPI,Staff,720
606,2025-05-02,Coffee,Beverage,5,30,Cash,Student,150
607,2025-05-02,Tea,Beverage,23,25,Card,Staff,575
608,2025-05-02,Sandwich,Snacks,17,50,Cash,Staff,850
609,2025-05-02,Burger,Snacks,6,70,UPI,Student,420
610,2025-05-02,Juice,Beverage,25,40,Cash,Staff,1000
611,2025-05-03,Coffee,Beverage,19,30,Cash,Student,570
612,2025-05-03,Tea,Beverage,25,25,Card,Student,625
613,2025-05-03,Sandwich,Snacks,29,50,Cash,Student,1450
614,2025-05-03,Burger,Snacks,17,70,Card,Student,1190
615,2025-05-03,Juice,Beverage,21,40,Cash,Student,840
616,2025-05-04,Coffee,Beverage,11,30,UPI,Staff,330
617,2025-05-04,Tea,Beverage,22,25,Cash,Staff,550
618,2025-05-04,Sandwich,Snacks,6,50,UPI,Student,300
619,2025-05-04,Burger,Snacks,27,70,Cash,Student,1890
620,2025-05-04,Juice,Beverage,29,40,Cash,Staff,1160
621,2025-05-05,Coffee,Beverage,12,30,Card,Student,360
622,2025-05-05,Tea,Beverage,5,25,Cash,Student,125
623,2025-05-05,Sandwich,Snacks,18,50,Card,Student,900
624,2025-05-05,Burger,Snacks,28,70,UPI,Student,1960
625,2025-05-05,Juice,Beverage,11,40,Card,Student,440
626,2025-05-06,Coffee,Beverage,8,30,Card,Student,240
627,2025-05-06,Tea,Beverage,9,25,Cash,Staff,225
628,2025-05-06,Sandwich,Snacks,9,50,Card,Staff,450
629,2025-05-06,Burger,Snacks,8,70,Cash,Staff,560
630,2025-05-06,Juice,Beverage,26,40,Cash,Student,1040
631,2025-05-07,Coffee,Beverage,12,30,UPI,Staff,360
632,2025-05-07,Tea,Beverage,9,25,Card,Student,225
633,2025-05-07,Sandwich,Snacks,21,50,Cash,Staff,1050
634,2025-05-07,Burger,Snacks,5,70,UPI,Student,350
635,2025-05-07,Juice,Beverage,29,40,Cash,Staff,1160
636,2025-05-08,Coffee,Beverage,26,30,Card,Staff,780
637,2025-05-08,Tea,Beverage,19,25,Card,Student,475
638,2025-05-08,Sandwich,Snacks,21,50,Cash,Staff,1050
639,2025-05-08,Burger,Snacks,11,70,Card,Staff,770
640,2025-05-08,Juice,Beverage,12,40,UPI,Student,480
641,2025-05-09,Coffee,Beverage,28,30,Cash,Student,840
642,2025-05-09,Tea,Beverage,5,25,Card,Staff,125
643,2025-05-09,Sandwich,Snacks,28,50,UPI,Staff,1400
644,2025-05-09,Burger,Snacks,26,70,Cash,Staff,1820
645,2025-05-09,Juice,Beverage,21,40,Card,Student,840
646,2025-05-10,Coffee,Beverage,16,30,UPI,Student,480
647,2025-05-10,Tea,Beverage,26,25,Cash,Student,650
648,2025-05-10,Sandwich,Snacks,19,50,UPI,Student,950
649,2025-05-10,Burger,Snacks,29,70,Cash,Staff,2030
650,2025-05-10,Juice,Beverage,27,40,UPI,Staff,1080
651,2025-05-11,Coffee,Beverage,24,30,Card,Staff,720
652,2025-05-11,Tea,Beverage,5,25,Card,Student,125
653,2025-05-11,Sandwich,Snacks,18,50,UPI,Student,900
654,2025-05-11,Burger,Snacks,20,70,UPI,Staff,1400
655,2025-05-11,Juice,Beverage,26,40,Card,Staff,1040
656,2025-05-12,Coffee,Beverage,26,30,Cash,Staff,780
657,2025-05-12,Tea,Beverage,8,25,Card,Student,200
658,2025-05-12,Sandwich,Snacks,8,50,Card,Staff,400
659,2025-05-12,Burger,Snacks,28,70,Cash,Staff,1960
660,2025-05-12,Juice,Beverage,25,40,Card,Student,1000
661,2025-05-13,Coffee,Beverage,20,30,UPI,Staff,600
662,2025-05-13,Tea,Beverage,21,25,Card,Staff,525
663,2025-05-13,Sandwich,Snacks,26,50,Cash,Staff,1300
664,2025-05-13,Burger,Snacks,28,70,Cash,Student,1960
665,2025-05-13,Juice,Beverage,23,40,UPI,Staff,920
666,2025-05-14,Coffee,Beverage,5,30,UPI,Student,150
667,2025-05-14,Tea,Beverage,11,25,UPI,Student,275
668,2025-05-14,Sandwich,Snacks,12,50,Cash,Student,600
669,2025-05-14,Burger,Snacks,25,70,Cash,Student,1750
670,2025-05-14,Juice,Beverage,22,40,Card,Student,880
671,2025-05-15,Coffee,Beverage,17,30,Card,Staff,510
672,2025-05-15,Tea,Beverage,13,25,Card,Staff,325
673,2025-05-15,Sandwich,Snacks,22,50,UPI,Staff,1100
674,2025-05-15,Burger,Snacks,25,70,Card,Student,1750
675,2025-05-15,Juice,Beverage,7,40,Cash,Staff,280
676,2025-05-16,Coffee,Beverage,27,30,Cash,Staff,810
677,2025-05-16,Tea,Beverage,15,25,Cash,Staff,375
678,2025-05-16,Sandwich,Snacks,18,50,Card,Staff,900
679,2025-05-16,Burger,Snacks,15,70,Cash,Staff,1050
680,2025-05-16,Juice,Beverage,28,40,Card,Staff,1120
681,2025-05-17,Coffee,Beverage,8,30,UPI,Staff,240
682,2025-05-17,Tea,Beverage,19,25,Card,Staff,475
683,2025-05-17,Sandwich,Snacks,11,50,UPI,Student,550
684,2025-05-17,Burger,Snacks,24,70,UPI,Student,1680
685,2025-05-17,Juice,Beverage,22,40,Cash,Student,880
686,2025-05-18,Coffee,Beverage,23,30,UPI,Student,690
687,2025-05-18,Tea,Beverage,23,25,UPI,Student,575
688,2025-05-18,Sandwich,Snacks,9,50,UPI,Staff,450
689,2025-05-18,Burger,Snacks,15,70,UPI,Student,1050
690,2025-05-18,Juice,Beverage,12,40,Card,Student,480
691,2025-05-19,Coffee,Beverage,19,30,Card,Student,570
692,2025-05-19,Tea,Beverage,9,25,UPI,Student,225
693,2025-05-19,Sandwich,Snacks,18,50,Cash,Student,900
694,2025-05-19,Burger,Snacks,23,70,Cash,Staff,1610
695,2025-05-19,Juice,Beverage,8,40,UPI,Staff,320
696,2025-05-20,Coffee,Beverage,28,30,Cash,Staff,840
697,2025-05-20,Tea,Beverage,9,25,Card,Student,225
698,2025-05-20,Sandwich,Snacks,23,50,Cash,Student,1150
699,2025-05-20,Burger,Snacks,29,70,Card,Student,2030
700,2025-05-20,Juice,Beverage,16,40,Cash,Staff,640
701,2025-05-21,Coffee,Beverage,20,30,Cash,Student,600
702,2025-05-21,Tea,Beverage,25,25,Card,Staff,625
703,2025-05-21,Sandwich,Snacks,6,50,Cash,Staff,300
704,2025-05-21,Burger,Snacks,24,70,Card,Student,1680
705,2025-05-21,Juice,Beverage,24,40,Card,Staff,960
706,2025-05-22,Coffee,Beverage,11,30,Cash,Student,330
707,2025-05-22,Tea,Beverage,15,25,UPI,Staff,375
708,2025-05-22,Sandwich,Snacks,6,50,Card,Student,300
709,2025-05-22,Burger,Snacks,17,70,UPI,Staff,1190
710,2025-05-22,Juice,Beverage,23,40,UPI,Student,920
711,2025-05-23,Coffee,Beverage,11,30,UPI,Student,330
712,2025-05-23,Tea,Beverage,14,25,Card,Staff,350
713,2025-05-23,Sandwich,Snacks,5,50,Cash,Staff,250
714,2025-05-23,Burger,Snacks,7,70,Cash,Student,490
715,2025-05-23,Juice,Beverage,20,40,UPI,Student,800
716,2025-05-24,Coffee,Beverage,5,30,UPI,Student,150
717,2025-05-24,Tea,Beverage,13,25,Cash,Staff,325
718,2025-05-24,Sandwich,Snacks,20,50,Cash,Staff,1000
719,2025-05-24,Burger,Snacks,12,70,UPI,Staff,840
720,2025-05-24,Juice,Beverage,26,40,Card,Staff,1040
721,2025-05-25,Coffee,Beverage,9,30,Card,Staff,270
722,2025-05-25,Tea,Beverage,21,25,Cash,Staff,525
723,2025-05-25,Sandwich,Snacks,19,50,Card,Student,950
724,2025-05-25,Burger,Snacks,24,70,UPI,Student,1680
725,2025-05-25,Juice,Beverage,15,40,UPI,Student,600
726,2025-05-26,Coffee,Beverage,12,30,UPI,Staff,360
727,2025-05-26,Tea,Beverage,5,25,Cash,Staff,125
728,2025-05-26,Sandwich,Snacks,9,50,Cash,Student,450
729,2025-05-26,Burger,Snacks,15,70,UPI,Student,1050
730,2025-05-26,Juice,Beverage,18,40,Cash,Student,720
731,2025-05-27,Coffee,Beverage,22,30,Card,Student,660
732,2025-05-27,Tea,Beverage,19,25,Cash,Student,475
733,2025-05-27,Sandwich,Snacks,20,50,Card,Student,1000
734,2025-05-27,Burger,Snacks,9,70,UPI,Staff,630
735,2025-05-27,Juice,Beverage,18,40,Cash,Staff,720
736,2025-05-28,Coffee,Beverage,5,30,Cash,Student,150
737,2025-05-28,Tea,Beverage,28,25,Card,Staff,700
738,2025-05-28,Sandwich,Snacks,18,50,UPI,Student,900
739,2025-05-28,Burger,Snacks,21,70,Card,Staff,1470
740,2025-05-28,Juice,Beverage,5,40,Card,Staff,200
741,2025-05-29,Coffee,Beverage,14,30,Card,Staff,420
742,2025-05-29,Tea,Beverage,7,25,UPI,Staff,175
743,2025-05-29,Sandwich,Snacks,25,50,Cash,Student,1250
744,2025-05-29,Burger,Snacks,28,70,Cash,Student,1960
745,2025-05-29,Juice,Beverage,27,40,Card,Staff,1080
746,2025-05-30,Coffee,Beverage,13,30,Card,Staff,390
747,2025-05-30,Tea,Beverage,8,25,UPI,Student,200
748,2025-05-30,Sandwich,Snacks,11,50,UPI,Student,550
749,2025-05-30,Burger,Snacks,5,70,Cash,Staff,350
750,2025-05-30,Juice,Beverage,21,40,Card,Staff,840
751,2025-05-31,Coffee,Beverage,16,30,UPI,Student,480
752,2025-05-31,Tea,Beverage,15,25,Card,Student,375
753,2025-05-31,Sandwich,Snacks,6,50,Cash,Student,300
754,2025-05-31,Burger,Snacks,16,70,Card,Staff,1120
755,2025-05-31,Juice,Beverage,12,40,UPI,Student,480
756,2025-06-01,Coffee,Beverage,15,30,UPI,Student,450
757,2025-06-01,Tea,Beverage,15,25,UPI,Staff,375
758,2025-06-01,Sandwich,Snacks,26,50,Card,Student,1300
759,2025-06-01,Burger,Snacks,24,70,Cash,Student,1680
760,2025-06-01,Juice,Beverage,12,40,Card,Student,480
761,2025-06-02,Coffee,Beverage,14,30,Card,Staff,420
762,2025-06-02,Tea,Beverage,23,25,Cash,Staff,575
763,2025-06-02,Sandwich,Snacks,11,50,Card,Student,550
764,2025-06-02,Burger,Snacks,18,70,Cash,Student,1260
765,2025-06-02,Juice,Beverage,7,40,Card,Student,280
766,2025-06-03,Coffee,Beverage,26,30,Cash,Student,780
767,2025-06-03,Tea,Beverage,12,25,Cash,Staff,300
768,2025-06-03,Sandwich,Snacks,10,50,Cash,Staff,500
769,2025-06-03,Burger,Snacks,20,70,Cash,Student,1400
770,2025-06-03,Juice,Beverage,8,40,Cash,Staff,320
771,2025-06-04,Coffee,Beverage,10,30,UPI,Staff,300
772,2025-06-04,Tea,Beverage,12,25,Cash,Staff,300
773,2025-06-04,Sandwich,Snacks,28,50,UPI,Student,1400
774,2025-06-04,Burger,Snacks,16,70,UPI,Staff,1120
775,2025-06-04,Juice,Beverage,18,40,UPI,Staff,720
776,2025-06-05,Coffee,Beverage,21,30,UPI,Staff,630
777,2025-06-05,Tea,Beverage,6,25,Cash,Staff,150
778,2025-06-05,Sandwich,Snacks,9,50,UPI,Student,450
779,2025-06-05,Burger,Snacks,8,70,UPI,Staff,560
780,2025-06-05,Juice,Beverage,15,40,Card,Student,600
781,2025-06-06,Coffee,Beverage,11,30,UPI,Staff,330
782,2025-06-06,Tea,Beverage,15,25,UPI,Student,375
783,2025-06-06,Sandwich,Snacks,28,50,Cash,Student,1400
784,2025-06-06,Burger,Snacks,22,70,Card,Staff,1540
785,2025-06-06,Juice,Beverage,13,40,UPI,Student,520
786,2025-06-07,Coffee,Beverage,7,30,Cash,Student,210
787,2025-06-07,Tea,Beverage,29,25,Card,Staff,725
788,2025-06-07,Sandwich,Snacks,11,50,UPI,Student,550
789,2025-06-07,Burger,Snacks,8,70,Cash,Staff,560
790,2025-06-07,Juice,Beverage,29,40,Cash,Student,1160
791,2025-06-08,Coffee,Beverage,11,30,Cash,Staff,330
792,2025-06-08,Tea,Beverage,29,25,Cash,Staff,725
793,2025-06-08,Sandwich,Snacks,25,50,Cash,Staff,1250
794,2025-06-08,Burger,Snacks,11,70,UPI,Student,770
795,2025-06-08,Juice,Beverage,9,40,Cash,Staff,360
796,2025-06-09,Coffee,Beverage,6,30,Cash,Staff,180
797,2025-06-09,Tea,Beverage,9,25,UPI,Student,225
798,2025-06-09,Sandwich,Snacks,9,50,UPI,Student,450
799,2025-06-09,Burger,Snacks,25,70,UPI,Student,1750
800,2025-06-09,Juice,Beverage,13,40,Cash,Staff,520
801,2025-06-10,Coffee,Beverage,5,30,Cash,Staff,150
802,2025-06-10,Tea,Beverage,20,25,Card,Student,500
803,2025-06-10,Sandwich,Snacks,15,50,Cash,Staff,750
804,2025-06-10,Burger,Snacks,12,70,Card,Staff,840
805,2025-06-10,Juice,Beverage,17,40,Card,Staff,680
806,2025-06-11,Coffee,Beverage,22,30,Card,Staff,660
807,2025-06-11,Tea,Beverage,10,25,Cash,Student,250
808,2025-06-11,Sandwich,Snacks,19,50,Cash,Staff,950
809,2025-06-11,Burger,Snacks,6,70,Card,Student,420
810,2025-06-11,Juice,Beverage,7,40,UPI,Staff,280
811,2025-06-12,Coffee,Beverage,23,30,UPI,Staff,690
812,2025-06-12,Tea,Beverage,25,25,UPI,Staff,625
813,2025-06-12,Sandwich,Snacks,13,50,Cash,Student,650
814,2025-06-12,Burger,Snacks,21,70,Card,Staff,1470
815,2025-06-12,Juice,Beverage,12,40,UPI,Staff,480
816,2025-06-13,Coffee,Beverage,17,30,UPI,Student,510
817,2025-06-13,Tea,Beverage,13,25,Card,Student,325
818,2025-06-13,Sandwich,Snacks,19,50,UPI,Staff,950
819,2025-06-13,Burger,Snacks,14,70,Cash,Staff,980
820,2025-06-13,Juice,Beverage,9,40,Card,Student,360
821,2025-06-14,Coffee,Beverage,7,30,Card,Staff,210
822,2025-06-14,Tea,Beverage,8,25,Card,Student,200
823,2025-06-14,Sandwich,Snacks,28,50,UPI,Staff,1400
824,2025-06-14,Burger,Snacks,7,70,Cash,Staff,490
825,2025-06-14,Juice,Beverage,27,40,Card,Student,1080
826,2025-06-15,Coffee,Beverage,21,30,Cash,Student,630
827,2025-06-15,Tea,Beverage,26,25,Card,Staff,650
828,2025-06-15,Sandwich,Snacks,22,50,Cash,Staff,1100
829,2025-06-15,Burger,Snacks,19,70,Cash,Student,1330
830,2025-06-15,Juice,Beverage,20,40,Card,Student,800
831,2025-06-16,Coffee,Beverage,18,30,Cash,Student,540
832,2025-06-16,Tea,Beverage,27,25,Cash,Student,675
833,2025-06-16,Sandwich,Snacks,18,50,UPI,Student,900
834,2025-06-16,Burger,Snacks,16,70,UPI,Staff,1120
835,2025-06-16,Juice,Beverage,23,40,UPI,Student,920
836,2025-06-17,Coffee,Beverage,20,30,Card,Student,600
837,2025-06-17,Tea,Beverage,23,25,UPI,Student,575
838,2025-06-17,Sandwich,Snacks,22,50,Cash,Student,1100
839,2025-06-17,Burger,Snacks,14,70,Card,Staff,980
840,2025-06-17,Juice,Beverage,17,40,Cash,Student,680
841,2025-06-18,Coffee,Beverage,8,30,Card,Student,240
842,2025-06-18,Tea,Beverage,5,25,Card,Staff,125
843,2025-06-18,Sandwich,Snacks,8,50,Cash,Staff,400
844,2025-06-18,Burger,Snacks,19,70,Card,Student,1330
845,2025-06-18,Juice,Beverage,14,40,Card,Student,560
846,2025-06-19,Coffee,Beverage,14,30,UPI,Student,420
847,2025-06-19,Tea,Beverage,10,25,Card,Staff,250
848,2025-06-19,Sandwich,Snacks,10,50,Cash,Student,500
849,2025-06-19,Burger,Snacks,19,70,Card,Student,1330
850,2025-06-19,Juice,Beverage,25,40,Cash,Staff,1000
851,2025-06-20,Coffee,Beverage,28,30,UPI,Student,840
852,2025-06-20,Tea,Beverage,22,25,Cash,Student,550
853,2025-06-20,Sandwich,Snacks,28,50,Cash,Staff,1400
854,2025-06-20,Burger,Snacks,25,70,Cash,Student,1750
855,2025-06-20,Juice,Beverage,27,40,UPI,Student,1080
856,2025-06-21,Coffee,Beverage,5,30,UPI,Student,150
857,2025-06-21,Tea,Beverage,9,25,Cash,Staff,225
858,2025-06-21,Sandwich,Snacks,25,50,Cash,Student,1250
859,2025-06-21,Burger,Snacks,20,70,Cash,Staff,1400
860,2025-06-21,Juice,Beverage,22,40,UPI,Student,880
861,2025-06-22,Coffee,Beverage,5,30,Card,Staff,150
862,2025-06-22,Tea,Beverage,26,25,Card,Student,650
863,2025-06-22,Sandwich,Snacks,6,50,UPI,Student,300
864,2025-06-22,Burger,Snacks,16,70,Cash,Student,1120
865,2025-06-22,Juice,Beverage,11,40,Card,Student,440
866,2025-06-23,Coffee,Beverage,22,30,Card,Student,660
867,2025-06-23,Tea,Beverage,10,25,UPI,Staff,250
868,2025-06-23,Sandwich,Snacks,26,50,UPI,Staff,1300
869,2025-06-23,Burger,Snacks,20,70,Card,Staff,1400
870,2025-06-23,Juice,Beverage,11,40,Card,Student,440
871,2025-06-24,Coffee,Beverage,29,30,UPI,Student,870
872,2025-06-24,Tea,Beverage,8,25,Cash,Staff,200
873,2025-06-24,Sandwich,Snacks,22,50,Card,Student,1100
874,2025-06-24,Burger,Snacks,28,70,Cash,Staff,1960
875,2025-06-24,Juice,Beverage,27,40,UPI,Staff,1080
876,2025-06-25,Coffee,Beverage,21,30,UPI,Student,630
877,2025-06-25,Tea,Beverage,25,25,Card,Student,625
878,2025-06-25,Sandwich,Snacks,7,50,Cash,Student,350
879,2025-06-25,Burger,Snacks,12,70,UPI,Staff,840
880,2025-06-25,Juice,Beverage,20,40,Card,Student,800
881,2025-06-26,Coffee,Beverage,26,30,Card,Staff,780
882,2025-06-26,Tea,Beverage,7,25,Card,Staff,175
883,2025-06-26,Sandwich,Snacks,15,50,UPI,Student,750
884,2025-06-26,Burger,Snacks,21,70,Card,Student,1470
885,2025-06-26,Juice,Beverage,15,40,Cash,Staff,600
886,2025-06-27,Coffee,Beverage,29,30,Cash,Student,870
887,2025-06-27,Tea,Beverage,27,25,UPI,Staff,675
888,2025-06-27,Sandwich,Snacks,15,50,Card,Student,750
889,2025-06-27,Burger,Snacks,24,70,Card,Student,1680
890,2025-06-27,Juice,Beverage,23,40,Card,Student,920
891,2025-06-28,Coffee,Beverage,8,30,Cash,Staff,240
892,2025-06-28,Tea,Beverage,22,25,Cash,Staff,550
893,2025-06-28,Sandwich,Snacks,11,50,UPI,Student,550
894,2025-06-28,Burger,Snacks,13,70,Card,Staff,910
895,2025-06-28,Juice,Beverage,16,40,Cash,Student,640
896,2025-06-29,Coffee,Beverage,15,30,Cash,Staff,450
897,2025-06-29,Tea,Beverage,20,25,UPI,Staff,500
898,2025-06-29,Sandwich,Snacks,12,50,Card,Staff,600
899,2025-06-29,Burger,Snacks,20,70,UPI,Staff,1400
900,2025-06-29,Juice,Beverage,14,40,Cash,Student,560
901,2025-06-30,Coffee,Beverage,11,30,Card,Staff,330
902,2025-06-30,Tea,Beverage,27,25,UPI,Staff,675
903,2025-06-30,Sandwich,Snacks,10,50,UPI,Staff,500
904,2025-06-30,Burger,Snacks,9,70,UPI,Staff,630
905,2025-06-30,Juice,Beverage,20,40,Cash,Student,800
